start,open,high,low,close,volume
2026-08-22 15:12:00+00:00,77002.0,77002.0,76960.1,76973.7,4.643
2026-08-22 15:13:00+00:00,76973.7,76982.5,76933.7,76937.9,14.742
2026-08-22 15:14:00+00:00,76937.9,76972.9,76937.9,76939.3,12.086
2026-08-22 15:15:00+00:00,76939.3,76946.1,76925.0,76946.1,24.347
2026-08-22 15:16:00+00:00,76946.1,76992.4,76946.1,76989.8,7.349
2026-08-22 15:17:00+00:00,76989.8,77013.4,76944.9,76983.2,15.623
2026-08-22 15:18:00+00:00,76983.2,76983.3,76939.8,76953.4,5.802
2026-08-22 15:19:00+00:00,76953.4,76960.8,76948.0,76951.3,8.549
2026-08-22 15:20:00+00:00,76951.3,76962.8,76935.0,76956.6,25.44
2026-08-22 15:21:00+00:00,76956.6,76980.0,76942.5,76979.9,11.563
2026-08-22 15:22:00+00:00,76979.9,76991.6,76884.1,76887.6,19.832
2026-08-22 15:23:00+00:00,76887.6,76980.0,76853.8,76979.9,33.743
2026-08-22 15:24:00+00:00,76979.9,77019.9,76979.9,76993.8,17.642
2026-08-22 15:25:00+00:00,76993.8,77001.9,76957.3,76999.9,6.411
2026-08-22 15:26:00+00:00,76999.9,77014.6,76960.6,77009.9,18.737
2026-08-22 15:27:00+00:00,77009.9,77009.9,76978.4,76990.3,10.541
2026-08-22 15:28:00+00:00,76990.3,77016.5,76990.3,77016.5,9.331
2026-08-22 15:29:00+00:00,77016.5,77016.5,76980.0,76983.9,14.967
2026-08-22 15:30:00+00:00,76983.9,77014.6,76981.3,76990.6,8.809
2026-08-22 15:31:00+00:00,76990.6,77016.5,76990.6,77016.5,3.48
2026-08-22 15:32:00+00:00,77016.5,77038.0,77006.9,77027.8,13.986
2026-08-22 15:33:00+00:00,77027.8,77100.0,77024.5,77099.9,31.24
2026-08-22 15:34:00+00:00,77099.9,77100.0,77051.4,77092.0,9.113
2026-08-22 15:35:00+00:00,77092.0,77099.9,77068.6,77071.6,11.646
2026-08-22 15:36:00+00:00,77071.6,77071.7,77009.3,77025.1,20.412
2026-08-22 15:37:00+00:00,77025.1,77070.4,77025.0,77061.5,10.816
2026-08-22 15:38:00+00:00,77061.5,77061.5,77019.0,77026.0,7.089
2026-08-22 15:39:00+00:00,77026.0,77056.5,77025.0,77056.5,3.272
2026-08-22 15:40:00+00:00,77056.5,77056.7,77003.3,77012.4,12.145
2026-08-22 15:41:00+00:00,77012.4,77052.5,77003.4,77032.0,11.164
2026-08-22 15:42:00+00:00,77032.0,77045.0,77029.7,77037.1,4.844
2026-08-22 15:43:00+00:00,77037.1,77043.3,77018.7,77034.9,7.34
2026-08-22 15:44:00+00:00,77034.9,77078.0,77034.9,77055.1,19.499
2026-08-22 15:45:00+00:00,77055.1,77092.3,77055.1,77092.2,9.384
2026-08-22 15:46:00+00:00,77092.2,77092.3,77063.7,77063.7,13.507
2026-08-22 15:47:00+00:00,77063.7,77063.7,77031.3,77034.3,5.964
2026-08-22 15:48:00+00:00,77034.3,77076.5,77034.2,77047.2,10.292
2026-08-22 15:49:00+00:00,77047.2,77047.2,76992.1,76992.2,31.951
2026-08-22 15:50:00+00:00,76992.2,77002.4,76984.7,76984.7,11.326
2026-08-22 15:51:00+00:00,76984.7,77004.5,76902.1,76954.3,39.587
2026-08-22 15:52:00+00:00,76954.3,76962.6,76932.8,76962.5,8.334
2026-08-22 15:53:00+00:00,76962.5,76975.6,76936.6,76962.2,29.919
2026-08-22 15:54:00+00:00,76962.2,76973.3,76958.9,76970.2,3.742
2026-08-22 15:55:00+00:00,76970.2,77010.4,76970.2,76993.9,11.152
2026-08-22 15:56:00+00:00,76993.9,76997.4,76962.8,76997.3,11.958
2026-08-22 15:57:00+00:00,76997.3,77010.4,76997.3,77007.1,5.228
2026-08-22 15:58:00+00:00,77007.1,77030.3,76991.8,76998.0,13.304
2026-08-22 15:59:00+00:00,76998.0,76998.9,76975.5,76980.4,5.056
2026-08-22 16:00:00+00:00,76980.4,77011.1,76980.3,76985.1,8.407
2026-08-22 16:01:00+00:00,76985.1,76992.8,76960.4,76965.2,11.903
2026-08-22 16:02:00+00:00,76965.2,77029.2,76964.6,77016.3,8.548
2026-08-22 16:03:00+00:00,77016.3,77029.2,76971.6,77027.3,17.517
2026-08-22 16:04:00+00:00,77027.3,77074.2,77027.2,77067.9,26.626
2026-08-22 16:05:00+00:00,77067.9,77076.6,77022.4,77038.6,84.367
2026-08-22 16:06:00+00:00,77038.6,77050.9,77015.0,77050.9,17.672
2026-08-22 16:07:00+00:00,77050.9,77060.0,77049.9,77050.0,8.89
2026-08-22 16:08:00+00:00,77050.0,77073.8,77049.9,77057.7,26.067
2026-08-22 16:09:00+00:00,77057.7,77059.1,77022.4,77022.5,18.144
2026-08-22 16:10:00+00:00,77022.5,77039.5,77021.7,77026.8,29.637
2026-08-22 16:11:00+00:00,77026.8,77039.4,77021.5,77039.2,18.847
2026-08-22 16:12:00+00:00,77039.2,77039.3,76987.2,76987.2,17.712
2026-08-22 16:13:00+00:00,76987.2,77067.8,76961.5,77067.8,9.18
2026-08-22 16:14:00+00:00,77067.8,77077.0,77057.6,77057.7,7.081
2026-08-22 16:15:00+00:00,77057.7,77110.0,77049.9,77079.1,25.84
2026-08-22 16:16:00+00:00,77079.1,77128.8,77079.0,77107.1,46.634
2026-08-22 16:17:00+00:00,77107.1,77150.0,77107.1,77149.9,10.198
2026-08-22 16:18:00+00:00,77149.9,77173.5,77143.7,77159.8,44.014
2026-08-22 16:19:00+00:00,77159.8,77188.9,77146.5,77182.9,14.875
2026-08-22 16:20:00+00:00,77182.9,77218.8,77164.0,77207.0,82.78
2026-08-22 16:21:00+00:00,77207.0,77241.2,77190.1,77195.4,56.094
2026-08-22 16:22:00+00:00,77195.4,77233.8,77190.3,77220.9,26.424
2026-08-22 16:23:00+00:00,77220.9,77221.7,77192.0,77212.9,15.534
2026-08-22 16:24:00+00:00,77212.9,77233.8,77204.7,77205.0,12.655
2026-08-22 16:25:00+00:00,77205.0,77219.0,77203.3,77203.3,8.663
2026-08-22 16:26:00+00:00,77203.3,77203.3,77161.5,77168.7,24.873
2026-08-22 16:27:00+00:00,77168.7,77199.0,77168.6,77189.0,7.469
2026-08-22 16:28:00+00:00,77189.0,77245.2,77189.0,77230.0,28.659
2026-08-22 16:29:00+00:00,77230.0,77242.8,77197.0,77197.0,7.324
2026-08-22 16:30:00+00:00,77197.0,77206.4,77181.3,77195.8,10.459
2026-08-22 16:31:00+00:00,77195.8,77228.4,77195.7,77224.4,7.706
2026-08-22 16:32:00+00:00,77224.4,77224.5,77194.0,77203.8,7.26
2026-08-22 16:33:00+00:00,77203.8,77206.5,77184.4,77205.6,11.352
2026-08-22 16:34:00+00:00,77205.6,77210.9,77192.1,77199.0,12.666
2026-08-22 16:35:00+00:00,77199.0,77228.4,77199.0,77228.1,23.616
2026-08-22 16:36:00+00:00,77228.1,77310.0,77228.1,77299.2,73.409
2026-08-22 16:37:00+00:00,77299.2,77303.3,77263.4,77298.9,26.655
2026-08-22 16:38:00+00:00,77298.9,77324.6,77288.1,77307.2,53.181
2026-08-22 16:39:00+00:00,77307.2,77350.0,77297.8,77323.2,65.086
2026-08-22 16:40:00+00:00,77323.2,77396.5,77323.2,77396.4,67.523
2026-08-22 16:41:00+00:00,77396.4,77543.4,77350.0,77357.7,459.376
2026-08-22 16:42:00+00:00,77357.7,77401.4,77320.8,77384.1,53.467
2026-08-22 16:43:00+00:00,77384.1,77431.7,77384.0,77417.9,18.775
2026-08-22 16:44:00+00:00,77417.9,77418.0,77391.7,77391.8,14.823
2026-08-22 16:45:00+00:00,77391.8,77473.1,77391.8,77462.5,34.399
2026-08-22 16:46:00+00:00,77462.5,77564.3,77462.4,77481.2,106.383
2026-08-22 16:47:00+00:00,77481.2,77482.0,77462.6,77469.1,26.12
2026-08-22 16:48:00+00:00,77469.1,77492.9,77462.5,77466.4,23.91
2026-08-22 16:49:00+00:00,77466.4,77466.5,77420.9,77447.0,20.753
2026-08-22 16:50:00+00:00,77447.0,77447.0,77340.9,77355.8,55.415
2026-08-22 16:51:00+00:00,77355.8,77394.4,77348.6,77375.0,24.209
2026-08-22 16:52:00+00:00,77375.0,77375.1,77328.1,77375.1,57.012
2026-08-22 16:53:00+00:00,77375.1,77375.1,77326.7,77331.0,35.681
2026-08-22 16:54:00+00:00,77331.0,77338.4,77323.1,77324.9,5.768
2026-08-22 16:55:00+00:00,77324.9,77348.1,77324.8,77324.8,26.248
2026-08-22 16:56:00+00:00,77324.8,77332.7,77320.5,77320.6,6.869
2026-08-22 16:57:00+00:00,77320.6,77351.9,77318.7,77349.3,13.151
2026-08-22 16:58:00+00:00,77349.3,77354.9,77337.6,77337.6,6.949
2026-08-22 16:59:00+00:00,77337.6,77337.6,77283.6,77283.6,26.947
2026-08-22 17:00:00+00:00,77283.6,77309.7,77277.9,77304.2,96.937
2026-08-22 17:01:00+00:00,77304.2,77336.0,77293.7,77331.4,29.286
2026-08-22 17:02:00+00:00,77331.4,77336.0,77296.3,77304.1,16.3
2026-08-22 17:03:00+00:00,77304.1,77315.7,77285.8,77312.8,24.576
2026-08-22 17:04:00+00:00,77312.8,77312.8,77268.7,77273.0,35.224
2026-08-22 17:05:00+00:00,77273.0,77287.3,77240.6,77278.2,54.272
2026-08-22 17:06:00+00:00,77278.2,77317.3,77260.8,77313.9,36.355
2026-08-22 17:07:00+00:00,77313.9,77319.2,77294.4,77315.0,27.072
2026-08-22 17:08:00+00:00,77315.0,77329.9,77265.4,77289.2,19.302
2026-08-22 17:09:00+00:00,77289.2,77301.1,77271.2,77301.1,14.867
2026-08-22 17:10:00+00:00,77301.1,77304.9,77280.4,77283.2,8.496
2026-08-22 17:11:00+00:00,77283.2,77308.0,77277.2,77305.1,16.295
2026-08-22 17:12:00+00:00,77305.1,77316.3,77282.8,77292.0,11.979
2026-08-22 17:13:00+00:00,77292.0,77292.0,77276.7,77285.2,5.243
2026-08-22 17:14:00+00:00,77285.2,77287.8,77278.5,77281.9,3.694
2026-08-22 17:15:00+00:00,77281.9,77297.6,77281.8,77294.0,8.393
2026-08-22 17:16:00+00:00,77294.0,77322.0,77278.6,77284.4,9.622
2026-08-22 17:17:00+00:00,77284.4,77299.9,77281.7,77287.4,7.362
2026-08-22 17:18:00+00:00,77287.4,77322.0,77287.4,77317.4,5.658
2026-08-22 17:19:00+00:00,77317.4,77348.9,77317.4,77345.2,21.085
2026-08-22 17:20:00+00:00,77345.2,77349.6,77298.7,77320.6,13.309
2026-08-22 17:21:00+00:00,77320.6,77343.8,77313.5,77331.9,4.767
2026-08-22 17:22:00+00:00,77331.9,77334.6,77289.9,77295.6,12.462
2026-08-22 17:23:00+00:00,77295.6,77311.6,77289.5,77293.6,4.863
2026-08-22 17:24:00+00:00,77293.6,77301.2,77285.4,77291.0,7.0
2026-08-22 17:25:00+00:00,77291.0,77303.3,77290.0,77290.0,3.403
2026-08-22 17:26:00+00:00,77290.0,77302.1,77290.0,77293.3,4.996
2026-08-22 17:27:00+00:00,77293.3,77293.4,77284.0,77284.1,3.515
2026-08-22 17:28:00+00:00,77284.1,77284.1,77110.0,77135.1,131.292
2026-08-22 17:29:00+00:00,77135.1,77143.7,77060.1,77090.8,134.078
2026-08-22 17:30:00+00:00,77090.8,77159.8,77090.8,77159.7,16.12
2026-08-22 17:31:00+00:00,77159.7,77193.3,77159.5,77193.2,11.315
2026-08-22 17:32:00+00:00,77193.2,77196.7,77176.6,77196.6,8.338
2026-08-22 17:33:00+00:00,77196.6,77196.7,77171.3,77185.6,6.569
2026-08-22 17:34:00+00:00,77185.6,77191.2,77166.6,77176.3,7.123
2026-08-22 17:35:00+00:00,77176.3,77206.2,77176.2,77206.2,10.259
2026-08-22 17:36:00+00:00,77206.2,77206.2,77176.2,77178.6,9.408
2026-08-22 17:37:00+00:00,77178.6,77182.1,77158.6,77166.5,6.291
2026-08-22 17:38:00+00:00,77166.5,77184.9,77162.8,77176.5,14.934
2026-08-22 17:39:00+00:00,77176.5,77176.5,77124.5,77124.5,26.647
2026-08-22 17:40:00+00:00,77124.5,77193.8,77124.5,77193.8,10.823
2026-08-22 17:41:00+00:00,77193.8,77216.7,77193.8,77205.4,6.15
2026-08-22 17:42:00+00:00,77205.4,77225.5,77196.6,77213.6,13.123
2026-08-22 17:43:00+00:00,77213.6,77215.0,77180.2,77209.8,5.082
2026-08-22 17:44:00+00:00,77209.8,77223.4,77209.8,77223.3,3.736
2026-08-22 17:45:00+00:00,77223.3,77248.6,77223.3,77248.6,6.449
2026-08-22 17:46:00+00:00,77248.6,77255.9,77230.2,77255.9,12.067
2026-08-22 17:47:00+00:00,77255.9,77276.5,77249.0,77276.5,11.932
2026-08-22 17:48:00+00:00,77276.5,77299.8,77276.4,77283.0,20.191
2026-08-22 17:49:00+00:00,77283.0,77314.0,77279.8,77286.6,24.679
2026-08-22 17:50:00+00:00,77286.6,77365.8,77286.5,77359.8,16.911
2026-08-22 17:51:00+00:00,77359.8,77391.4,77359.7,77371.7,80.061
2026-08-22 17:52:00+00:00,77371.7,77371.7,77316.0,77316.0,12.059
2026-08-22 17:53:00+00:00,77316.0,77316.0,77270.1,77303.3,20.763
2026-08-22 17:54:00+00:00,77303.3,77307.0,77292.0,77303.0,4.678
2026-08-22 17:55:00+00:00,77303.0,77310.7,77279.4,77279.5,5.714
2026-08-22 17:56:00+00:00,77279.5,77288.7,77259.4,77282.9,9.993
2026-08-22 17:57:00+00:00,77282.9,77303.7,77282.9,77293.4,3.585
2026-08-22 17:58:00+00:00,77293.4,77302.7,77281.3,77289.4,5.001
2026-08-22 17:59:00+00:00,77289.4,77289.5,77270.5,77276.9,3.41
2026-08-22 18:00:00+00:00,77276.9,77288.2,77272.1,77280.9,4.168
2026-08-22 18:01:00+00:00,77280.9,77288.0,77277.6,77285.0,2.52
2026-08-22 18:02:00+00:00,77285.0,77304.5,77284.9,77304.5,14.423
2026-08-22 18:03:00+00:00,77304.5,77315.7,77294.6,77315.7,1.486
2026-08-22 18:04:00+00:00,77315.7,77361.0,77315.6,77352.5,8.768
2026-08-22 18:05:00+00:00,77352.5,77360.4,77352.4,77360.3,3.443
2026-08-22 18:06:00+00:00,77360.3,77370.9,77334.5,77335.6,20.449
2026-08-22 18:07:00+00:00,77335.6,77338.4,77301.7,77303.5,7.534
2026-08-22 18:08:00+00:00,77303.5,77319.9,77284.3,77284.4,7.894
2026-08-22 18:09:00+00:00,77284.4,77289.1,77243.0,77243.0,16.049
2026-08-22 18:10:00+00:00,77243.0,77270.6,77236.0,77237.2,10.791
2026-08-22 18:11:00+00:00,77237.2,77237.2,77209.9,77209.9,8.499
2026-08-22 18:12:00+00:00,77209.9,77221.4,77209.9,77212.9,3.227
2026-08-22 18:13:00+00:00,77212.9,77243.6,77212.9,77243.6,3.296
2026-08-22 18:14:00+00:00,77243.6,77243.6,77231.7,77236.9,3.026
2026-08-22 18:15:00+00:00,77236.9,77277.2,77236.9,77271.5,2.962
2026-08-22 18:16:00+00:00,77271.5,77293.9,77270.3,77284.6,6.765
2026-08-22 18:17:00+00:00,77284.6,77288.1,77242.9,77269.6,6.575
2026-08-22 18:18:00+00:00,77269.6,77300.0,77265.6,77280.6,4.2
2026-08-22 18:19:00+00:00,77280.6,77300.0,77269.2,77269.2,3.038
2026-08-22 18:20:00+00:00,77269.2,77297.8,77261.7,77290.5,3.79
2026-08-22 18:21:00+00:00,77290.5,77300.0,77288.9,77300.0,3.137
2026-08-22 18:22:00+00:00,77300.0,77350.0,77300.0,77333.3,27.963
2026-08-22 18:23:00+00:00,77333.3,77333.3,77313.4,77313.5,7.064
2026-08-22 18:24:00+00:00,77313.5,77314.9,77307.8,77307.9,2.78
2026-08-22 18:25:00+00:00,77307.9,77310.8,77307.8,77310.8,1.392
2026-08-22 18:26:00+00:00,77310.8,77331.2,77310.8,77310.9,6.083
2026-08-22 18:27:00+00:00,77310.9,77311.0,77310.8,77310.9,4.556
2026-08-22 18:28:00+00:00,77310.9,77315.5,77305.5,77305.5,6.76
2026-08-22 18:29:00+00:00,77305.5,77305.5,77280.2,77300.2,6.031
2026-08-22 18:30:00+00:00,77300.2,77300.3,77286.7,77293.3,11.75
2026-08-22 18:31:00+00:00,77293.3,77293.4,77274.1,77280.1,3.077
2026-08-22 18:32:00+00:00,77281.3,77281.3,77281.3,77281.3,0.005
2026-08-22 18:33:00+00:00,77289.5,77290.5,77289.5,77290.4,0.027
2026-08-22 18:34:00+00:00,77281.0,77281.0,77281.0,77281.0,0.006
2026-08-22 18:35:00+00:00,77331.2,77331.2,77306.4,77319.2,8.849
2026-08-22 18:36:00+00:00,77296.4,77296.4,77283.1,77289.4,0.72
2026-08-22 18:37:00+00:00,77272.7,77272.7,77272.7,77272.7,0.0
2026-08-22 18:38:00+00:00,77280.9,77280.9,77280.9,77280.9,0.183
2026-08-22 18:39:00+00:00,77276.6,77276.7,77276.6,77276.6,0.04
2026-08-22 18:40:00+00:00,77267.5,77267.7,77267.5,77267.7,0.2
2026-08-22 18:41:00+00:00,77229.0,77229.0,77229.0,77229.0,0.0
2026-08-22 18:42:00+00:00,77258.6,77258.6,77258.5,77258.5,0.01
2026-08-22 18:43:00+00:00,77266.4,77266.4,77266.4,77266.4,0.0
2026-08-22 18:44:00+00:00,77256.1,77256.1,77256.1,77256.1,0.0
2026-08-22 18:45:00+00:00,77224.0,77224.0,77224.0,77224.0,0.0
2026-08-22 18:46:00+00:00,77191.2,77209.7,77191.2,77209.7,0.96
2026-08-22 18:47:00+00:00,77229.6,77233.8,77182.6,77201.4,17.651
2026-08-22 18:48:00+00:00,77200.8,77213.6,77200.8,77213.6,0.224
2026-08-22 18:49:00+00:00,77205.3,77205.4,77205.3,77205.4,0.154
2026-08-22 18:50:00+00:00,77209.1,77213.5,77207.8,77207.8,1.208
2026-08-22 18:51:00+00:00,77191.2,77191.2,77191.2,77191.2,0.0
2026-08-22 18:52:00+00:00,77176.6,77176.6,77176.6,77176.6,0.005
2026-08-22 18:53:00+00:00,77161.4,77161.4,77161.4,77161.4,0.068
2026-08-22 18:54:00+00:00,77135.3,77151.1,77135.3,77151.1,0.158
2026-08-22 18:55:00+00:00,77204.0,77204.0,77203.9,77204.0,0.066
2026-08-22 18:56:00+00:00,77200.6,77200.6,77200.6,77200.6,0.032
2026-08-22 18:57:00+00:00,77227.1,77227.1,77227.1,77227.1,0.0
2026-08-22 18:58:00+00:00,77232.2,77232.2,77232.1,77232.1,0.013
2026-08-22 18:59:00+00:00,77254.0,77254.0,77253.9,77253.9,0.01
2026-08-22 19:00:00+00:00,77267.0,77267.0,77256.8,77262.5,2.291
2026-08-22 19:01:00+00:00,77243.5,77243.5,77243.5,77243.5,0.0
2026-08-22 19:02:00+00:00,77276.7,77276.8,77276.7,77276.7,0.003
2026-08-22 19:03:00+00:00,77274.6,77274.6,77274.3,77274.4,0.159
2026-08-22 19:04:00+00:00,77278.1,77278.1,77278.1,77278.1,0.002
2026-08-22 19:05:00+00:00,77250.1,77250.1,77250.1,77250.1,0.0
2026-08-22 19:06:00+00:00,77261.5,77261.6,77261.5,77261.6,0.001
2026-08-22 19:07:00+00:00,77240.1,77240.1,77232.5,77232.5,0.208
2026-08-22 19:08:00+00:00,77219.9,77229.8,77219.9,77229.8,0.179
2026-08-22 19:09:00+00:00,77213.8,77213.8,77213.7,77213.7,0.034
2026-08-22 19:10:00+00:00,77267.4,77270.4,77245.7,77245.7,2.098
2026-08-22 19:11:00+00:00,77279.9,77285.4,77269.7,77285.4,2.168
2026-08-22 19:12:00+00:00,77285.4,77301.2,77275.3,77284.0,6.301
2026-08-22 19:13:00+00:00,77284.0,77329.9,77283.9,77324.5,11.874
2026-08-22 19:14:00+00:00,77324.5,77348.2,77324.4,77324.5,6.469
2026-08-22 19:15:00+00:00,77324.5,77340.3,77324.5,77337.6,1.99
2026-08-22 19:16:00+00:00,77339.9,77339.9,77339.8,77339.8,0.002
2026-08-22 19:17:00+00:00,77307.1,77316.0,77300.0,77304.0,4.419
2026-08-22 19:18:00+00:00,77304.0,77330.8,77294.7,77322.4,4.926
2026-08-22 19:19:00+00:00,77322.4,77330.9,77264.1,77291.1,34.469
2026-08-22 19:20:00+00:00,77291.1,77292.4,77276.7,77283.5,1.951
2026-08-22 19:21:00+00:00,77283.5,77283.5,77265.6,77265.6,1.012
2026-08-22 19:22:00+00:00,77265.6,77268.0,77260.5,77262.4,2.4
2026-08-22 19:23:00+00:00,77262.4,77287.9,77262.4,77287.9,1.508
2026-08-22 19:24:00+00:00,77287.9,77298.3,77272.2,77272.3,2.211
2026-08-22 19:25:00+00:00,77272.3,77272.3,77255.0,77259.9,8.068
2026-08-22 19:26:00+00:00,77259.9,77298.3,77252.0,77297.0,28.045
2026-08-22 19:27:00+00:00,77297.0,77304.0,77276.8,77285.5,6.141
2026-08-22 19:28:00+00:00,77285.5,77288.5,77283.4,77288.4,1.776
2026-08-22 19:29:00+00:00,77288.4,77290.6,77277.8,77283.1,4.578
2026-08-22 19:30:00+00:00,77283.1,77301.5,77283.1,77301.5,1.405
2026-08-22 19:31:00+00:00,77301.5,77310.0,77299.8,77310.0,1.89
2026-08-22 19:32:00+00:00,77316.5,77319.7,77316.5,77319.7,0.115
2026-08-22 19:33:00+00:00,77339.4,77364.4,77323.1,77323.2,8.427
2026-08-22 19:34:00+00:00,77323.2,77332.0,77320.0,77332.0,2.172
2026-08-22 19:35:00+00:00,77332.0,77339.9,77324.9,77336.0,3.022
2026-08-22 19:36:00+00:00,77336.0,77337.5,77328.4,77335.8,4.844
2026-08-22 19:37:00+00:00,77335.8,77356.0,77335.8,77355.1,3.036
2026-08-22 19:38:00+00:00,77355.1,77388.0,77355.1,77380.3,15.8
2026-08-22 19:39:00+00:00,77380.3,77380.3,77341.5,77345.5,3.774
2026-08-22 19:40:00+00:00,77345.5,77379.4,77345.5,77372.0,12.944
2026-08-22 19:41:00+00:00,77372.0,77372.0,77354.0,77354.0,4.787
2026-08-22 19:42:00+00:00,77354.0,77367.7,77354.0,77358.3,5.01
2026-08-22 19:43:00+00:00,77358.3,77424.7,77352.3,77420.0,83.12
2026-08-22 19:44:00+00:00,77420.0,77434.1,77399.9,77429.3,44.229
2026-08-22 19:45:00+00:00,77429.3,77437.0,77402.9,77402.9,45.753
2026-08-22 19:46:00+00:00,77402.9,77454.8,77402.9,77453.7,25.669
2026-08-22 19:47:00+00:00,77453.7,77459.1,77436.2,77440.5,37.516
2026-08-22 19:48:00+00:00,77440.5,77441.7,77429.4,77434.0,28.217
2026-08-22 19:49:00+00:00,77434.0,77440.5,77418.6,77440.5,14.883
2026-08-22 19:50:00+00:00,77440.5,77477.1,77440.4,77457.7,29.239
2026-08-22 19:51:00+00:00,77457.7,77483.1,77457.7,77468.7,33.808
2026-08-22 19:52:00+00:00,77468.7,77468.7,77444.4,77457.6,8.717
2026-08-22 19:53:00+00:00,77457.6,77474.2,77453.8,77468.9,7.542
2026-08-22 19:54:00+00:00,77468.9,77469.0,77453.6,77457.6,11.742
2026-08-22 19:55:00+00:00,77457.6,77461.9,77442.2,77456.9,16.846
2026-08-22 19:56:00+00:00,77456.9,77471.9,77429.9,77462.1,61.254
2026-08-22 19:57:00+00:00,77462.1,77462.1,77442.3,77451.5,16.602
2026-08-22 19:58:00+00:00,77451.5,77454.2,77436.5,77444.0,14.451
2026-08-22 19:59:00+00:00,77444.0,77444.0,77404.9,77410.2,9.494
2026-08-22 20:00:00+00:00,77410.2,77436.5,77406.3,77406.3,22.352
2026-08-22 20:01:00+00:00,77406.3,77406.4,77391.2,77391.2,2.763
2026-08-22 20:02:00+00:00,77391.2,77391.3,77363.9,77363.9,9.864
2026-08-22 20:03:00+00:00,77363.9,77377.7,77362.0,77365.6,6.186
2026-08-22 20:04:00+00:00,77365.6,77401.8,77365.6,77395.7,5.063
2026-08-22 20:05:00+00:00,77395.7,77395.8,77371.0,77371.0,3.878
2026-08-22 20:06:00+00:00,77371.0,77408.2,77371.0,77406.8,5.422
2026-08-22 20:07:00+00:00,77406.8,77416.8,77406.7,77416.8,2.867
2026-08-22 20:08:00+00:00,77416.8,77441.0,77416.7,77441.0,2.802
2026-08-22 20:09:00+00:00,77441.0,77450.0,77425.5,77425.6,20.908
2026-08-22 20:10:00+00:00,77425.6,77449.8,77425.5,77449.7,3.383
2026-08-22 20:11:00+00:00,77449.7,77456.4,77446.1,77456.3,8.017
2026-08-22 20:12:00+00:00,77456.3,77456.4,77429.2,77435.9,3.753
2026-08-22 20:13:00+00:00,77435.9,77463.0,77435.9,77439.3,8.948
2026-08-22 20:14:00+00:00,77439.3,77439.3,77404.0,77411.3,12.927
2026-08-22 20:15:00+00:00,77411.3,77431.5,77410.2,77413.6,3.123
2026-08-22 20:16:00+00:00,77413.6,77423.5,77403.2,77423.5,4.88
2026-08-22 20:17:00+00:00,77423.5,77428.6,77376.2,77384.9,28.437
2026-08-22 20:18:00+00:00,77384.9,77385.0,77370.0,77376.8,3.846
2026-08-22 20:19:00+00:00,77348.3,77360.4,77336.9,77337.0,6.955
2026-08-22 20:20:00+00:00,77337.0,77340.2,77331.4,77331.4,3.111
2026-08-22 20:21:00+00:00,77331.4,77331.5,77319.5,77324.4,5.061
2026-08-22 20:22:00+00:00,77324.4,77333.9,77324.1,77324.2,3.085
2026-08-22 20:23:00+00:00,77324.2,77345.1,77324.1,77335.7,6.147
2026-08-22 20:24:00+00:00,77335.7,77335.8,77321.0,77327.5,2.893
2026-08-22 20:25:00+00:00,77327.5,77349.1,77327.5,77349.1,4.192
2026-08-22 20:26:00+00:00,77349.1,77352.6,77345.1,77345.1,1.784
2026-08-22 20:27:00+00:00,77345.1,77345.2,77323.8,77328.6,2.36
2026-08-22 20:28:00+00:00,77328.6,77328.6,77303.2,77307.3,5.399
2026-08-22 20:29:00+00:00,77307.3,77307.4,77294.0,77299.8,6.898
2026-08-22 20:30:00+00:00,77299.8,77321.9,77299.7,77318.5,6.896
2026-08-22 20:31:00+00:00,77318.5,77318.5,77281.4,77281.4,8.272
2026-08-22 20:32:00+00:00,77281.4,77288.5,77278.0,77278.0,4.302
2026-08-22 20:33:00+00:00,77278.0,77297.1,77278.0,77278.0,3.247
2026-08-22 20:34:00+00:00,77267.5,77267.5,77267.5,77267.5,0.0
2026-08-22 20:35:00+00:00,77280.6,77289.8,77268.1,77280.7,7.07
2026-08-22 20:36:00+00:00,77280.7,77304.6,77271.5,77304.6,2.301
2026-08-22 20:37:00+00:00,77304.6,77315.8,77304.5,77315.8,2.038
2026-08-22 20:38:00+00:00,77315.8,77321.4,77292.0,77319.7,6.09
2026-08-22 20:39:00+00:00,77319.7,77384.1,77319.6,77383.1,61.731
2026-08-22 20:40:00+00:00,77383.1,77427.9,77352.3,77352.5,11.372
2026-08-22 20:41:00+00:00,77352.5,77379.5,77352.5,77361.7,7.456
2026-08-22 20:42:00+00:00,77361.7,77381.4,77316.5,77343.7,16.159
2026-08-22 20:43:00+00:00,77343.7,77358.5,77343.5,77351.3,1.414
2026-08-22 20:44:00+00:00,77351.3,77363.8,77345.0,77363.8,4.406
2026-08-22 20:45:00+00:00,77363.8,77386.7,77363.7,77385.1,11.122
2026-08-22 20:46:00+00:00,77385.1,77385.1,77362.5,77367.5,26.805
2026-08-22 20:47:00+00:00,77367.5,77367.6,77348.3,77348.3,4.505
2026-08-22 20:48:00+00:00,77348.3,77348.3,77348.2,77348.2,0.841
2026-08-22 20:49:00+00:00,77348.2,77351.7,77348.2,77351.6,1.232
2026-08-22 20:50:00+00:00,77351.6,77351.6,77351.6,77351.6,0.0
2026-08-22 20:51:00+00:00,77334.8,77334.8,77325.8,77334.3,6.554
2026-08-22 20:52:00+00:00,77334.3,77334.4,77334.3,77334.3,1.776
2026-08-22 20:53:00+00:00,77334.3,77334.3,77321.7,77321.7,8.083
2026-08-22 20:54:00+00:00,77321.7,77328.5,77313.8,77324.4,10.469
2026-08-22 20:55:00+00:00,77324.4,77325.2,77299.9,77325.2,7.646
2026-08-22 20:56:00+00:00,77325.2,77325.2,77272.5,77277.9,11.525
2026-08-22 20:57:00+00:00,77277.9,77299.5,77262.6,77299.5,5.658
2026-08-22 20:58:00+00:00,77299.5,77315.7,77299.5,77315.6,1.498
2026-08-22 20:59:00+00:00,77315.6,77327.7,77315.6,77317.5,3.473
2026-08-22 21:00:00+00:00,77317.5,77319.8,77276.3,77276.3,5.17
2026-08-22 21:01:00+00:00,77276.3,77276.3,77183.7,77204.4,42.625
2026-08-22 21:02:00+00:00,77204.4,77204.4,77087.0,77129.2,70.662
2026-08-22 21:03:00+00:00,77129.2,77131.0,77100.0,77119.7,20.592
2026-08-22 21:04:00+00:00,77119.7,77126.3,77000.0,77081.1,114.514
2026-08-22 21:05:00+00:00,77081.1,77135.0,77081.1,77120.2,54.69
2026-08-22 21:06:00+00:00,77120.2,77132.9,77102.5,77102.6,33.606
2026-08-22 21:07:00+00:00,77102.6,77132.0,77102.6,77115.3,10.406
2026-08-22 21:08:00+00:00,77115.3,77160.8,77107.2,77155.1,14.487
2026-08-22 21:09:00+00:00,77155.1,77155.1,77140.0,77140.0,23.223
2026-08-22 21:10:00+00:00,77140.0,77147.7,77129.4,77147.6,22.624
2026-08-22 21:11:00+00:00,77147.6,77147.6,77048.8,77070.1,39.472
2026-08-22 21:12:00+00:00,77073.5,77087.0,77045.5,77062.0,40.013
2026-08-22 21:13:00+00:00,77062.0,77090.0,77062.0,77087.5,3.46
2026-08-22 21:14:00+00:00,77087.5,77087.5,77029.9,77045.4,23.984
2026-08-22 21:15:00+00:00,77045.4,77103.2,77045.4,77103.1,10.941
2026-08-22 21:16:00+00:00,77103.1,77145.5,77103.1,77133.2,12.218
2026-08-22 21:17:00+00:00,77133.2,77210.2,77116.8,77194.3,36.28
2026-08-22 21:18:00+00:00,77194.3,77195.0,77164.9,77175.0,7.566
2026-08-22 21:19:00+00:00,77175.0,77190.9,77166.3,77190.9,3.145
2026-08-22 21:20:00+00:00,77190.9,77213.0,77190.8,77204.6,11.746
2026-08-22 21:21:00+00:00,77204.6,77210.7,77130.1,77141.4,5.827
2026-08-22 21:22:00+00:00,77141.4,77176.5,77134.8,77174.5,6.706
2026-08-22 21:23:00+00:00,77174.5,77174.5,77150.0,77169.9,15.248
2026-08-22 21:24:00+00:00,77169.9,77181.7,77127.9,77132.0,5.38
2026-08-22 21:25:00+00:00,77132.0,77136.9,77117.0,77136.8,4.096
2026-08-22 21:26:00+00:00,77136.8,77182.0,77136.8,77171.0,2.455
2026-08-22 21:27:00+00:00,77171.0,77205.6,77171.0,77203.7,1.644
2026-08-22 21:28:00+00:00,77203.7,77203.7,77180.3,77189.3,4.578
2026-08-22 21:29:00+00:00,77189.3,77193.6,77175.4,77184.0,2.969
2026-08-22 21:30:00+00:00,77184.0,77210.8,77183.9,77203.7,3.959
2026-08-22 21:31:00+00:00,77203.7,77203.7,77086.2,77094.8,18.676
2026-08-22 21:32:00+00:00,77094.8,77119.0,77082.7,77099.1,18.832
2026-08-22 21:33:00+00:00,77099.1,77127.8,77077.7,77117.3,8.392
2026-08-22 21:34:00+00:00,77117.3,77118.5,77104.0,77114.4,7.773
2026-08-22 21:35:00+00:00,77114.4,77114.4,77075.0,77075.1,6.078
2026-08-22 21:36:00+00:00,77075.1,77075.1,77005.4,77035.0,18.478
2026-08-22 21:37:00+00:00,77035.0,77035.0,77003.8,77009.2,13.712
2026-08-22 21:38:00+00:00,77009.2,77046.0,76966.4,77046.0,35.161
2026-08-22 21:39:00+00:00,77046.0,77046.0,76981.8,76985.7,17.823
2026-08-22 21:40:00+00:00,76985.7,76991.4,76948.2,76961.4,34.212
2026-08-22 21:41:00+00:00,76961.4,76989.0,76961.3,76968.5,12.59
2026-08-22 21:42:00+00:00,76968.5,76968.6,76913.2,76913.2,32.469
2026-08-22 21:43:00+00:00,76913.2,76972.0,76913.2,76936.1,15.826
2026-08-22 21:44:00+00:00,76936.1,77037.6,76936.0,77035.0,26.0
2026-08-22 21:45:00+00:00,77035.0,77035.0,76977.3,76977.3,5.636
2026-08-22 21:46:00+00:00,76977.3,76977.3,76923.3,76943.9,34.422
2026-08-22 21:47:00+00:00,76943.9,76964.7,76892.9,76957.6,55.195
2026-08-22 21:48:00+00:00,76957.6,76976.2,76943.0,76950.9,9.979
2026-08-22 21:49:00+00:00,76950.9,76985.7,76950.9,76975.5,6.905
2026-08-22 21:50:00+00:00,76975.5,76992.8,76942.2,76964.1,33.856
2026-08-22 21:51:00+00:00,76964.1,76966.4,76934.0,76940.0,14.457
2026-08-22 21:52:00+00:00,76940.0,76951.9,76934.8,76942.8,3.985
2026-08-22 21:53:00+00:00,76942.8,76954.1,76937.0,76946.5,6.185
2026-08-22 21:54:00+00:00,76946.5,76946.5,76923.8,76935.7,3.9
2026-08-22 21:55:00+00:00,76935.7,76947.8,76916.7,76916.7,5.837
2026-08-22 21:56:00+00:00,76916.7,76916.7,76810.6,76852.8,102.614
2026-08-22 21:57:00+00:00,76852.8,76904.8,76852.8,76885.4,12.533
2026-08-22 21:58:00+00:00,76885.4,76908.5,76885.4,76908.4,12.653
2026-08-22 21:59:00+00:00,76908.4,76912.1,76838.7,76853.5,42.528
2026-08-22 22:00:00+00:00,76853.5,76945.1,76841.6,76896.1,30.228
2026-08-22 22:01:00+00:00,76896.1,76913.0,76867.1,76870.3,35.697
2026-08-22 22:02:00+00:00,76870.3,76870.3,76755.8,76798.4,188.13
2026-08-22 22:03:00+00:00,76798.4,76973.9,76790.3,76968.6,88.397
2026-08-22 22:04:00+00:00,76968.6,76975.8,76894.3,76969.0,33.642
2026-08-22 22:05:00+00:00,76969.0,77100.0,76968.9,77098.9,66.46
2026-08-22 22:06:00+00:00,77098.9,77125.0,77031.2,77066.2,64.218
2026-08-22 22:07:00+00:00,77066.2,77106.9,77059.9,77088.9,38.841
2026-08-22 22:08:00+00:00,77088.9,77166.3,77074.5,77146.4,92.875
2026-08-22 22:09:00+00:00,77146.4,77162.6,77102.1,77102.1,22.516
2026-08-22 22:10:00+00:00,77102.1,77123.1,77058.6,77084.1,43.002
2026-08-22 22:11:00+00:00,77084.1,77091.5,77071.1,77078.7,9.278
2026-08-22 22:12:00+00:00,77084.7,77098.2,77084.7,77092.5,1.77
2026-08-22 22:13:00+00:00,77097.2,77157.7,77078.7,77078.8,34.909
2026-08-22 22:14:00+00:00,77078.8,77111.5,77078.8,77103.9,6.257
2026-08-22 22:15:00+00:00,77103.9,77128.9,77075.0,77078.2,14.877
2026-08-22 22:16:00+00:00,77078.2,77128.7,77078.2,77115.4,7.567
2026-08-22 22:17:00+00:00,77115.4,77137.1,77100.0,77113.2,6.931
2026-08-22 22:18:00+00:00,77113.2,77113.2,77075.0,77075.0,3.226
2026-08-22 22:19:00+00:00,77075.0,77093.2,77040.1,77052.0,31.654
2026-08-22 22:20:00+00:00,77052.0,77156.5,77052.0,77124.3,32.854
2026-08-22 22:21:00+00:00,77124.3,77138.9,77105.8,77127.0,11.679
2026-08-22 22:22:00+00:00,77127.0,77127.1,77079.5,77093.7,5.639
2026-08-22 22:23:00+00:00,77093.7,77093.7,77053.2,77060.8,6.768
2026-08-22 22:24:00+00:00,77060.8,77127.4,77060.8,77127.3,6.577
2026-08-22 22:25:00+00:00,77127.3,77162.7,77127.3,77155.0,8.761
2026-08-22 22:26:00+00:00,77155.0,77169.8,77114.7,77132.8,19.899
2026-08-22 22:27:00+00:00,77132.8,77162.3,77132.7,77146.3,5.897
2026-08-22 22:28:00+00:00,77140.5,77140.6,77090.5,77090.6,21.288
2026-08-22 22:29:00+00:00,77090.6,77107.5,77044.3,77044.3,5.517
2026-08-22 22:30:00+00:00,77044.3,77069.7,77040.1,77050.1,3.216
2026-08-22 22:31:00+00:00,77050.1,77056.9,77035.0,77035.0,2.9
2026-08-22 22:32:00+00:00,77035.0,77035.0,76978.7,76997.0,38.688
2026-08-22 22:33:00+00:00,76997.0,77016.9,76857.0,76903.4,183.852
2026-08-22 22:34:00+00:00,76903.4,76956.4,76903.4,76955.0,29.19
2026-08-22 22:35:00+00:00,76955.0,76993.0,76955.0,76983.1,24.88
2026-08-22 22:36:00+00:00,76983.1,76994.7,76958.2,76980.2,13.521
2026-08-22 22:37:00+00:00,76980.2,77033.7,76980.2,77029.7,13.547
2026-08-22 22:38:00+00:00,77029.7,77047.0,77018.8,77029.0,3.189
2026-08-22 22:39:00+00:00,77029.0,77029.0,76970.9,76982.8,28.859
2026-08-22 22:40:00+00:00,76982.8,76999.9,76975.5,76999.9,5.624
2026-08-22 22:41:00+00:00,76999.9,77004.6,76987.8,76991.0,1.522
2026-08-22 22:42:00+00:00,76991.0,77023.0,76979.2,77023.0,14.011
2026-08-22 22:43:00+00:00,77023.0,77086.0,77023.0,77078.1,16.173
2026-08-22 22:44:00+00:00,77078.1,77078.1,77049.1,77055.2,2.19
2026-08-22 22:45:00+00:00,77055.2,77096.8,77037.7,77049.5,23.634
2026-08-22 22:46:00+00:00,77049.5,77083.8,77020.1,77076.0,36.47
2026-08-22 22:47:00+00:00,77076.0,77076.0,77042.8,77053.0,16.558
2026-08-22 22:48:00+00:00,77053.0,77053.9,77036.6,77039.9,2.411
2026-08-22 22:49:00+00:00,77039.9,77046.1,77029.4,77045.8,3.285
2026-08-22 22:50:00+00:00,77045.8,77048.7,77034.5,77042.9,1.868
2026-08-22 22:51:00+00:00,77042.9,77114.2,77042.8,77114.2,18.692
2026-08-22 22:52:00+00:00,77114.2,77141.8,77091.4,77091.4,26.503
2026-08-22 22:53:00+00:00,77091.4,77116.4,77064.3,77074.9,69.154
2026-08-22 22:54:00+00:00,77074.9,77103.9,77074.9,77103.9,1.838
2026-08-22 22:55:00+00:00,77103.9,77116.7,77039.9,77049.3,25.144
2026-08-22 22:56:00+00:00,77049.3,77049.4,77031.1,77036.2,8.11
2026-08-22 22:57:00+00:00,77036.2,77039.2,76989.8,76989.8,5.742
2026-08-22 22:58:00+00:00,76989.8,76989.8,76955.0,76964.6,23.687
2026-08-22 22:59:00+00:00,76964.6,77006.8,76964.6,77000.0,34.363
2026-08-22 23:00:00+00:00,77000.4,77017.3,77000.4,77017.3,2.469
2026-08-22 23:01:00+00:00,76964.6,77022.8,76940.1,77020.8,14.763
2026-08-22 23:02:00+00:00,77020.8,77052.6,77016.6,77027.1,7.006
2026-08-22 23:03:00+00:00,77027.1,77046.0,77016.0,77043.5,6.133
2026-08-22 23:04:00+00:00,77043.5,77056.0,77028.4,77054.7,4.206
2026-08-22 23:05:00+00:00,77054.7,77069.2,77025.3,77034.6,12.466
2026-08-22 23:06:00+00:00,77034.6,77045.1,77028.3,77044.6,1.591
2026-08-22 23:07:00+00:00,77044.6,77048.7,77040.5,77046.7,0.763
2026-08-22 23:08:00+00:00,77046.7,77080.2,77046.6,77076.9,3.464
2026-08-22 23:09:00+00:00,77076.9,77089.3,77014.8,77014.8,7.075
2026-08-22 23:10:00+00:00,77014.8,77040.0,76996.4,77040.0,11.505
2026-08-22 23:11:00+00:00,77040.0,77040.0,76985.1,76999.4,18.39
2026-08-22 23:12:00+00:00,76999.4,77013.7,76983.6,76986.8,3.014
2026-08-22 23:13:00+00:00,76986.8,76986.9,76966.2,76973.2,1.801
2026-08-22 23:14:00+00:00,76971.4,76981.2,76941.4,76981.2,51.986
2026-08-22 23:15:00+00:00,76981.2,77003.7,76977.7,77003.6,3.414
2026-08-22 23:16:00+00:00,77003.6,77003.6,76977.8,77000.0,2.399
2026-08-22 23:17:00+00:00,77000.0,77020.0,76999.9,77015.5,7.469
2026-08-22 23:18:00+00:00,77015.5,77020.5,77000.0,77016.2,10.561
2026-08-22 23:19:00+00:00,77016.2,77021.2,77016.1,77019.1,5.933
2026-08-22 23:20:00+00:00,77019.1,77026.7,77016.1,77026.6,1.482
2026-08-22 23:21:00+00:00,77026.6,77026.7,77014.6,77014.7,1.493
2026-08-22 23:22:00+00:00,77014.7,77014.7,76990.7,76995.0,5.724
2026-08-22 23:23:00+00:00,76995.0,77030.0,76995.0,77030.0,9.583
2026-08-22 23:24:00+00:00,77030.0,77030.0,76987.2,77000.1,8.254
2026-08-22 23:25:00+00:00,77000.1,77015.5,77000.0,77007.3,2.886
2026-08-22 23:26:00+00:00,77007.3,77029.0,77007.2,77019.9,13.5
2026-08-22 23:27:00+00:00,77019.9,77019.9,77002.6,77010.7,3.977
2026-08-22 23:28:00+00:00,77010.7,77016.6,76950.0,76950.1,29.307
2026-08-22 23:29:00+00:00,76946.5,76946.5,76943.4,76943.4,0.027
2026-08-22 23:30:00+00:00,76946.8,76976.8,76946.8,76961.6,3.414
2026-08-22 23:31:00+00:00,76961.6,76981.4,76961.6,76981.3,4.309
2026-08-22 23:32:00+00:00,76981.3,76988.0,76947.9,76950.1,3.241
2026-08-22 23:33:00+00:00,76950.1,76953.0,76938.8,76948.0,2.251
2026-08-22 23:34:00+00:00,76948.0,76948.0,76912.8,76916.6,14.877
2026-08-22 23:35:00+00:00,76916.6,76937.1,76916.6,76936.1,4.5
2026-08-22 23:36:00+00:00,76936.1,76936.1,76892.6,76892.6,23.693
2026-08-22 23:37:00+00:00,76892.6,76966.9,76892.5,76965.8,19.759
2026-08-22 23:38:00+00:00,76965.8,76988.0,76955.0,76988.0,15.971
2026-08-22 23:39:00+00:00,76988.0,77001.6,76969.3,76985.7,18.597
2026-08-22 23:40:00+00:00,76985.7,77015.8,76985.7,77014.7,22.309
2026-08-22 23:41:00+00:00,77014.7,77035.5,77001.9,77029.5,13.516
2026-08-22 23:42:00+00:00,77029.5,77047.9,77029.4,77039.7,15.459
2026-08-22 23:43:00+00:00,77039.7,77039.7,77016.1,77034.8,6.25
2026-08-22 23:44:00+00:00,77034.8,77037.0,77014.6,77014.6,2.587
2026-08-22 23:45:00+00:00,77014.6,77027.5,77006.8,77027.5,2.432
2026-08-22 23:46:00+00:00,77027.5,77046.4,77027.4,77046.4,2.774
2026-08-22 23:47:00+00:00,77046.4,77047.0,77043.9,77045.0,1.408
2026-08-22 23:48:00+00:00,77045.0,77069.5,77044.9,77069.5,3.307
2026-08-22 23:49:00+00:00,77069.5,77114.3,77069.5,77114.2,31.49
2026-08-22 23:50:00+00:00,77114.2,77115.0,77084.0,77104.0,13.698
2026-08-22 23:51:00+00:00,77104.0,77137.6,77104.0,77107.3,14.39
2026-08-22 23:52:00+00:00,77107.3,77111.2,77070.1,77070.1,5.745
2026-08-22 23:53:00+00:00,77070.1,77132.0,77070.1,77118.1,13.882
2026-08-22 23:54:00+00:00,77118.1,77118.1,77090.8,77098.6,3.809
2026-08-22 23:55:00+00:00,77098.6,77110.4,77096.9,77096.9,3.167
2026-08-22 23:56:00+00:00,77096.9,77096.9,77089.2,77094.8,2.949
2026-08-22 23:57:00+00:00,77094.8,77109.0,77094.7,77104.2,3.307
2026-08-22 23:58:00+00:00,77104.2,77104.2,77095.1,77101.2,0.447
2026-08-22 23:59:00+00:00,77101.2,77101.2,77083.2,77083.3,1.207
2026-08-23 00:00:00+00:00,77073.5,77125.0,77068.9,77123.2,8.115
2026-08-23 00:01:00+00:00,77123.2,77132.2,77119.1,77125.0,5.53
2026-08-23 00:02:00+00:00,77125.0,77139.1,77119.6,77139.1,2.06
2026-08-23 00:03:00+00:00,77139.1,77153.7,77119.6,77144.4,6.277
2026-08-23 00:04:00+00:00,77144.4,77150.0,77124.6,77129.3,4.824
2026-08-23 00:05:00+00:00,77129.3,77150.0,77116.9,77146.3,3.012
2026-08-23 00:06:00+00:00,77146.3,77150.0,77126.4,77138.0,5.772
2026-08-23 00:07:00+00:00,77138.0,77152.0,77138.0,77144.0,2.201
2026-08-23 00:08:00+00:00,77144.0,77144.0,77126.4,77126.4,3.06
2026-08-23 00:09:00+00:00,77126.4,77126.4,77093.6,77094.9,4.746
2026-08-23 00:10:00+00:00,77094.9,77096.2,77071.5,77075.4,8.253
2026-08-23 00:11:00+00:00,77075.4,77096.2,77043.5,77064.5,17.695
2026-08-23 00:12:00+00:00,77064.5,77089.3,77064.4,77084.5,6.805
2026-08-23 00:13:00+00:00,77084.5,77089.7,77056.5,77087.9,6.959
2026-08-23 00:14:00+00:00,77087.9,77100.0,77079.6,77079.6,2.969
2026-08-23 00:15:00+00:00,77079.6,77079.6,77042.5,77060.3,15.62
2026-08-23 00:16:00+00:00,77060.3,77077.0,77050.7,77063.4,2.513
2026-08-23 00:17:00+00:00,77063.4,77087.7,77063.4,77082.8,9.075
2026-08-23 00:18:00+00:00,77082.8,77124.4,77072.3,77124.4,5.34
2026-08-23 00:19:00+00:00,77124.4,77138.9,77099.7,77099.7,3.093
2026-08-23 00:20:00+00:00,77099.7,77130.7,77098.3,77098.3,3.313
2026-08-23 00:21:00+00:00,77098.3,77127.1,77094.5,77102.1,7.972
2026-08-23 00:22:00+00:00,77102.1,77123.1,77092.5,77100.7,2.742
2026-08-23 00:23:00+00:00,77100.7,77138.8,77096.9,77138.8,1.991
2026-08-23 00:24:00+00:00,77138.8,77213.0,77121.6,77206.2,89.264
2026-08-23 00:25:00+00:00,77206.2,77206.3,77171.4,77201.1,14.775
2026-08-23 00:26:00+00:00,77201.1,77261.6,77193.3,77220.1,46.271
2026-08-23 00:27:00+00:00,77220.1,77255.3,77212.2,77240.5,13.305
2026-08-23 00:28:00+00:00,77240.5,77255.2,77211.0,77234.3,13.306
2026-08-23 00:29:00+00:00,77234.3,77236.1,77234.3,77236.1,0.496
2026-08-23 00:30:00+00:00,77229.7,77236.2,77224.3,77236.2,4.742
2026-08-23 00:31:00+00:00,77236.2,77268.3,77236.1,77238.2,11.174
2026-08-23 00:32:00+00:00,77238.2,77263.0,77238.2,77249.4,4.552
2026-08-23 00:33:00+00:00,77249.4,77293.7,77249.4,77293.7,12.846
2026-08-23 00:34:00+00:00,77293.7,77293.7,77270.3,77275.3,17.634
2026-08-23 00:35:00+00:00,77275.3,77294.2,77271.0,77286.0,7.153
2026-08-23 00:36:00+00:00,77286.0,77286.1,77244.1,77267.8,8.662
2026-08-23 00:37:00+00:00,77267.8,77299.0,77260.6,77293.8,11.379
2026-08-23 00:38:00+00:00,77293.8,77373.0,77222.7,77279.3,71.72
2026-08-23 00:39:00+00:00,77279.3,77297.1,77262.9,77286.2,34.853
2026-08-23 00:40:00+00:00,77286.2,77313.5,77235.1,77243.5,16.228
2026-08-23 00:41:00+00:00,77243.5,77276.8,77231.0,77244.5,6.926
2026-08-23 00:42:00+00:00,77244.5,77275.5,77244.4,77256.7,6.78
2026-08-23 00:43:00+00:00,77256.7,77282.9,77250.4,77282.9,10.402
2026-08-23 00:44:00+00:00,77282.9,77311.2,77282.8,77293.2,7.924
2026-08-23 00:45:00+00:00,77276.1,77276.2,77268.2,77268.2,0.161
2026-08-23 00:46:00+00:00,77285.0,77285.0,77250.4,77258.6,4.697
2026-08-23 00:47:00+00:00,77258.6,77269.9,77252.2,77269.9,2.231
2026-08-23 00:48:00+00:00,77269.9,77277.8,77259.9,77277.8,2.25
2026-08-23 00:49:00+00:00,77277.8,77366.7,77277.7,77321.7,230.55
2026-08-23 00:50:00+00:00,77321.7,77322.0,77310.7,77313.5,14.393
2026-08-23 00:51:00+00:00,77313.5,77341.0,77313.5,77328.8,5.881
2026-08-23 00:52:00+00:00,77328.8,77348.0,77328.7,77339.0,22.298
2026-08-23 00:53:00+00:00,77339.0,77350.0,77326.2,77337.4,16.31
2026-08-23 00:54:00+00:00,77337.4,77368.1,77332.9,77333.0,17.411
2026-08-23 00:55:00+00:00,77333.0,77356.7,77312.1,77344.2,21.624
2026-08-23 00:56:00+00:00,77344.2,77344.3,77314.5,77324.1,11.853
2026-08-23 00:57:00+00:00,77324.1,77337.8,77319.1,77319.2,7.095
2026-08-23 00:58:00+00:00,77319.2,77340.0,77319.1,77339.9,12.936
2026-08-23 00:59:00+00:00,77339.9,77340.0,77296.8,77296.9,32.144
2026-08-23 01:00:00+00:00,77296.9,77296.9,77260.9,77274.1,20.308
2026-08-23 01:01:00+00:00,77261.6,77263.9,77261.6,77263.9,1.125
2026-08-23 01:02:00+00:00,77255.8,77260.1,77245.2,77247.0,3.617
2026-08-23 01:03:00+00:00,77247.0,77247.0,77190.4,77214.7,118.595
2026-08-23 01:04:00+00:00,77214.7,77215.5,77174.0,77190.2,12.032
2026-08-23 01:05:00+00:00,77190.2,77270.5,77190.2,77258.9,9.007
2026-08-23 01:06:00+00:00,77258.9,77260.0,77173.2,77223.0,116.038
2026-08-23 01:07:00+00:00,77223.0,77226.1,77203.7,77226.1,17.528
2026-08-23 01:08:00+00:00,77226.1,77250.0,77169.3,77249.9,29.379
2026-08-23 01:09:00+00:00,77249.9,77266.7,77243.1,77249.9,6.962
2026-08-23 01:10:00+00:00,77249.9,77268.7,77249.8,77267.4,7.058
2026-08-23 01:11:00+00:00,77267.4,77268.1,77243.9,77243.9,11.522
2026-08-23 01:12:00+00:00,77243.9,77260.6,77238.3,77260.6,13.272
2026-08-23 01:13:00+00:00,77260.6,77287.3,77260.5,77285.4,17.186
2026-08-23 01:14:00+00:00,77285.4,77427.8,77285.4,77410.2,169.035
2026-08-23 01:15:00+00:00,77410.3,77410.3,77391.6,77398.9,10.917
2026-08-23 01:16:00+00:00,77368.0,77368.0,77324.1,77324.2,15.336
2026-08-23 01:17:00+00:00,77324.2,77324.3,77307.2,77308.0,10.012
2026-08-23 01:18:00+00:00,77308.0,77314.6,77296.4,77298.5,5.301
2026-08-23 01:19:00+00:00,77298.5,77317.8,77298.5,77317.8,1.909
2026-08-23 01:20:00+00:00,77317.8,77332.5,77317.8,77330.7,11.173
2026-08-23 01:21:00+00:00,77330.7,77332.5,77300.3,77306.8,21.271
2026-08-23 01:22:00+00:00,77306.8,77329.6,77301.8,77327.2,12.664
2026-08-23 01:23:00+00:00,77327.2,77327.2,77298.1,77298.1,4.749
2026-08-23 01:24:00+00:00,77298.1,77310.6,77298.0,77304.0,2.126
2026-08-23 01:25:00+00:00,77304.0,77304.0,77250.2,77269.1,17.633
2026-08-23 01:26:00+00:00,77269.1,77282.6,77269.1,77282.6,6.172
2026-08-23 01:27:00+00:00,77282.6,77282.6,77260.0,77260.0,3.611
2026-08-23 01:28:00+00:00,77260.0,77260.1,77244.0,77250.0,6.091
2026-08-23 01:29:00+00:00,77250.0,77271.4,77250.0,77271.3,8.707
2026-08-23 01:30:00+00:00,77271.3,77278.1,77271.3,77278.1,2.19
2026-08-23 01:31:00+00:00,77305.0,77320.8,77254.0,77254.0,16.575
2026-08-23 01:32:00+00:00,77254.0,77254.0,77217.1,77217.2,10.552
2026-08-23 01:33:00+00:00,77217.2,77217.2,77180.7,77182.0,38.321
2026-08-23 01:34:00+00:00,77182.0,77217.2,77182.0,77213.4,20.963
2026-08-23 01:35:00+00:00,77213.4,77217.2,77181.9,77217.2,31.885
2026-08-23 01:36:00+00:00,77217.2,77253.6,77217.1,77253.6,28.537
2026-08-23 01:37:00+00:00,77253.6,77253.6,77227.6,77252.8,16.852
2026-08-23 01:38:00+00:00,77252.8,77253.6,77230.5,77246.5,19.573
2026-08-23 01:39:00+00:00,77246.5,77253.6,77246.5,77253.6,9.345
2026-08-23 01:40:00+00:00,77253.6,77283.1,77251.7,77251.7,9.294
2026-08-23 01:41:00+00:00,77251.7,77251.7,77220.0,77235.4,3.32
2026-08-23 01:42:00+00:00,77235.4,77235.4,77164.1,77181.0,5.249
2026-08-23 01:43:00+00:00,77181.0,77223.4,77181.0,77205.0,32.738
2026-08-23 01:44:00+00:00,77205.0,77257.8,77192.3,77257.8,24.46
2026-08-23 01:45:00+00:00,77257.8,77276.4,77243.4,77268.0,16.453
2026-08-23 01:46:00+00:00,77268.0,77282.2,77267.4,77282.2,1.36
2026-08-23 01:47:00+00:00,77294.5,77310.1,77268.7,77279.0,4.799
2026-08-23 01:48:00+00:00,77279.0,77279.0,77232.1,77232.2,7.49
2026-08-23 01:49:00+00:00,77232.2,77252.4,77232.2,77241.6,1.587
2026-08-23 01:50:00+00:00,77241.6,77262.4,77196.2,77262.4,20.489
2026-08-23 01:51:00+00:00,77262.4,77267.9,77243.1,77250.1,5.016
2026-08-23 01:52:00+00:00,77250.1,77282.0,77250.1,77281.9,1.517
2026-08-23 01:53:00+00:00,77281.9,77281.9,77248.4,77273.0,4.527
2026-08-23 01:54:00+00:00,77273.0,77288.9,77229.3,77264.3,39.1
2026-08-23 01:55:00+00:00,77264.3,77264.3,77214.9,77214.9,5.896
2026-08-23 01:56:00+00:00,77214.9,77215.0,77150.8,77176.1,28.148
2026-08-23 01:57:00+00:00,77176.1,77187.9,77166.8,77183.2,11.194
2026-08-23 01:58:00+00:00,77183.2,77203.8,77155.3,77203.7,22.463
2026-08-23 01:59:00+00:00,77203.7,77203.9,77182.7,77182.7,6.521
2026-08-23 02:00:00+00:00,77182.7,77185.8,77160.5,77167.7,60.327
2026-08-23 02:01:00+00:00,77167.7,77193.3,77167.7,77173.4,29.663
2026-08-23 02:02:00+00:00,77181.7,77206.4,77160.1,77160.2,40.28
2026-08-23 02:03:00+00:00,77160.2,77191.2,77160.2,77185.8,7.325
2026-08-23 02:04:00+00:00,77185.8,77185.8,77121.3,77131.1,25.064
2026-08-23 02:05:00+00:00,77131.1,77140.6,77125.7,77125.8,6.046
2026-08-23 02:06:00+00:00,77125.8,77125.8,77082.0,77114.7,26.005
2026-08-23 02:07:00+00:00,77114.7,77125.7,77110.0,77110.0,8.223
2026-08-23 02:08:00+00:00,77110.0,77125.7,77104.3,77112.8,10.232
2026-08-23 02:09:00+00:00,77112.8,77119.6,77088.7,77092.5,6.5
2026-08-23 02:10:00+00:00,77092.5,77110.9,77086.4,77089.7,9.103
2026-08-23 02:11:00+00:00,77089.7,77094.6,77062.6,77063.0,23.907
2026-08-23 02:12:00+00:00,77063.0,77125.8,77063.0,77125.7,14.574
2026-08-23 02:13:00+00:00,77125.7,77125.7,77116.5,77125.6,5.419
2026-08-23 02:14:00+00:00,77125.6,77125.6,77041.3,77042.1,69.552
2026-08-23 02:15:00+00:00,77042.1,77114.5,77042.0,77096.5,25.848
2026-08-23 02:16:00+00:00,77096.5,77102.7,77096.5,77102.7,1.368
2026-08-23 02:17:00+00:00,77104.4,77114.9,77104.4,77107.7,20.717
2026-08-23 02:18:00+00:00,77107.7,77121.0,77104.4,77106.6,14.583
2026-08-23 02:19:00+00:00,77106.6,77115.3,77071.7,77094.6,15.074
2026-08-23 02:20:00+00:00,77094.6,77109.4,77081.0,77081.0,34.541
2026-08-23 02:21:00+00:00,77081.0,77081.0,77039.4,77052.5,9.016
2026-08-23 02:22:00+00:00,77052.5,77052.6,77030.0,77044.0,24.484
2026-08-23 02:23:00+00:00,77044.0,77052.6,77003.2,77041.5,33.864
2026-08-23 02:24:00+00:00,77041.5,77057.8,77030.0,77057.8,13.092
2026-08-23 02:25:00+00:00,77057.8,77100.0,77057.7,77095.8,6.73
2026-08-23 02:26:00+00:00,77095.8,77116.2,77095.7,77098.6,13.883
2026-08-23 02:27:00+00:00,77098.6,77109.2,77076.5,77098.7,4.438
2026-08-23 02:28:00+00:00,77098.7,77098.7,77076.2,77090.6,2.643
2026-08-23 02:29:00+00:00,77090.6,77120.9,77090.6,77118.6,7.863
2026-08-23 02:30:00+00:00,77118.6,77122.7,77100.3,77122.7,3.579
2026-08-23 02:31:00+00:00,77122.7,77156.5,77122.7,77156.5,3.932
2026-08-23 02:32:00+00:00,77169.0,77189.4,77169.0,77189.4,1.112
2026-08-23 02:33:00+00:00,77189.6,77190.0,77181.1,77190.0,4.793
2026-08-23 02:34:00+00:00,77190.0,77210.9,77190.0,77203.0,4.964
2026-08-23 02:35:00+00:00,77203.0,77204.6,77164.2,77177.4,5.476
2026-08-23 02:36:00+00:00,77177.4,77187.7,77160.5,77187.7,5.148
2026-08-23 02:37:00+00:00,77187.7,77202.9,77174.5,77188.9,27.128
2026-08-23 02:38:00+00:00,77188.9,77192.2,77172.2,77177.8,5.054
2026-08-23 02:39:00+00:00,77177.8,77183.4,77177.0,77183.3,0.992
2026-08-23 02:40:00+00:00,77183.3,77199.3,77183.3,77197.1,3.575
2026-08-23 02:41:00+00:00,77197.1,77205.0,77183.3,77183.3,4.368
2026-08-23 02:42:00+00:00,77183.3,77192.1,77137.9,77161.8,20.846
2026-08-23 02:43:00+00:00,77161.8,77175.3,77161.7,77175.3,1.335
2026-08-23 02:44:00+00:00,77175.3,77177.4,77167.9,77168.0,3.882
2026-08-23 02:45:00+00:00,77168.0,77175.2,77145.1,77175.1,4.242
2026-08-23 02:46:00+00:00,77175.1,77175.1,77156.6,77160.3,2.308
2026-08-23 02:47:00+00:00,77160.3,77160.4,77155.2,77160.3,0.925
2026-08-23 02:48:00+00:00,77187.0,77200.8,77187.0,77193.6,2.887
2026-08-23 02:49:00+00:00,77193.6,77217.0,77174.9,77176.3,16.234
2026-08-23 02:50:00+00:00,77176.3,77176.4,77130.5,77130.5,4.067
2026-08-23 02:51:00+00:00,77130.5,77130.6,77107.6,77111.4,3.721
2026-08-23 02:52:00+00:00,77111.4,77216.8,77087.3,77111.7,97.585
2026-08-23 02:53:00+00:00,77111.7,77122.5,77056.7,77056.7,6.484
2026-08-23 02:54:00+00:00,77056.7,77071.4,77056.7,77065.9,6.707
2026-08-23 02:55:00+00:00,77065.9,77098.9,77060.9,77060.9,9.289
2026-08-23 02:56:00+00:00,77060.9,77080.5,77060.8,77075.0,4.861
2026-08-23 02:57:00+00:00,77075.0,77080.0,77063.0,77071.6,4.008
2026-08-23 02:58:00+00:00,77071.6,77075.0,77062.8,77073.5,1.616
2026-08-23 02:59:00+00:00,77073.5,77075.0,77067.6,77067.7,0.902
2026-08-23 03:00:00+00:00,77067.7,77084.4,77067.7,77078.4,5.393
2026-08-23 03:01:00+00:00,77078.4,77103.8,77075.1,77094.4,11.141
2026-08-23 03:02:00+00:00,77094.4,77113.4,77079.8,77081.2,6.385
2026-08-23 03:03:00+00:00,77081.2,77099.0,77081.2,77098.9,1.85
2026-08-23 03:04:00+00:00,77062.1,77076.5,77061.2,77064.2,5.445
2026-08-23 03:05:00+00:00,77064.2,77064.2,77050.9,77053.5,7.036
2026-08-23 03:06:00+00:00,77053.5,77053.5,77040.0,77042.9,9.411
2026-08-23 03:07:00+00:00,77042.9,77044.8,77032.8,77032.9,12.405
2026-08-23 03:08:00+00:00,77032.9,77032.9,77002.8,77019.3,22.209
2026-08-23 03:09:00+00:00,77019.3,77019.3,77004.9,77008.4,13.517
2026-08-23 03:10:00+00:00,77008.4,77038.5,77000.0,77026.0,53.005
2026-08-23 03:11:00+00:00,77026.0,77033.1,77012.2,77015.4,5.944
2026-08-23 03:12:00+00:00,77015.4,77038.3,77015.4,77019.7,6.07
2026-08-23 03:13:00+00:00,77019.7,77055.9,77019.7,77049.6,3.544
2026-08-23 03:14:00+00:00,77075.8,77093.1,77075.3,77075.3,13.613
2026-08-23 03:15:00+00:00,77075.3,77087.6,77046.4,77068.0,6.322
2026-08-23 03:16:00+00:00,77068.0,77127.8,77068.0,77106.3,16.917
2026-08-23 03:17:00+00:00,77106.3,77116.1,77106.3,77108.6,1.182
2026-08-23 03:18:00+00:00,77108.9,77150.0,77104.0,77127.2,30.812
2026-08-23 03:19:00+00:00,77127.2,77127.3,77100.0,77101.5,4.76
2026-08-23 03:20:00+00:00,77101.5,77101.5,77063.1,77077.0,6.561
2026-08-23 03:21:00+00:00,77077.0,77077.1,77030.7,77045.2,24.563
2026-08-23 03:22:00+00:00,77045.2,77064.3,77000.0,77064.3,40.82
2026-08-23 03:23:00+00:00,77064.3,77072.6,77012.0,77016.1,4.669
2026-08-23 03:24:00+00:00,77016.1,77024.6,77000.0,77017.2,5.161
2026-08-23 03:25:00+00:00,77017.2,77041.3,77017.2,77027.0,5.353
2026-08-23 03:26:00+00:00,77027.0,77037.4,77007.2,77022.3,9.022
2026-08-23 03:27:00+00:00,77022.3,77022.3,76992.6,77003.3,14.021
2026-08-23 03:28:00+00:00,77003.3,77013.0,76994.0,77012.1,6.205
2026-08-23 03:29:00+00:00,77012.1,77012.1,76970.9,76978.1,12.815
2026-08-23 03:30:00+00:00,76978.1,76989.0,76947.0,76947.7,32.156
2026-08-23 03:31:00+00:00,76947.7,76957.5,76929.9,76929.9,18.037
2026-08-23 03:32:00+00:00,76929.9,76950.0,76929.9,76950.0,5.434
2026-08-23 03:33:00+00:00,76953.2,76953.3,76953.2,76953.3,0.032
2026-08-23 03:34:00+00:00,76903.5,76954.2,76903.5,76948.0,14.379
2026-08-23 03:35:00+00:00,76948.0,76959.7,76934.4,76944.0,6.027
2026-08-23 03:36:00+00:00,76944.0,76987.3,76928.4,76952.2,18.691
2026-08-23 03:37:00+00:00,76952.2,76959.2,76938.5,76959.2,12.896
2026-08-23 03:38:00+00:00,76959.2,76982.5,76959.1,76969.6,5.113
2026-08-23 03:39:00+00:00,76969.6,76978.9,76915.8,76924.9,88.694
2026-08-23 03:40:00+00:00,76924.9,76930.1,76874.5,76892.0,54.738
2026-08-23 03:41:00+00:00,76892.0,76906.4,76876.0,76892.8,48.494
2026-08-23 03:42:00+00:00,76892.8,76892.8,76862.5,76868.0,56.642
2026-08-23 03:43:00+00:00,76868.0,76869.2,76842.0,76851.4,54.191
2026-08-23 03:44:00+00:00,76851.4,76858.3,76820.6,76852.0,74.425
2026-08-23 03:45:00+00:00,76852.0,76910.8,76852.0,76909.1,91.559
2026-08-23 03:46:00+00:00,76909.1,76936.4,76897.2,76932.6,31.348
2026-08-23 03:47:00+00:00,76932.6,76946.3,76929.6,76929.7,36.957
2026-08-23 03:48:00+00:00,76929.7,76964.2,76910.6,76964.2,15.157
2026-08-23 03:49:00+00:00,76952.4,76989.4,76952.4,76983.7,31.303
2026-08-23 03:50:00+00:00,76983.7,76983.7,76945.0,76945.0,16.695
2026-08-23 03:51:00+00:00,76945.0,76976.5,76928.8,76930.6,26.138
2026-08-23 03:52:00+00:00,76930.6,76946.3,76930.6,76944.0,3.998
2026-08-23 03:53:00+00:00,76944.0,76963.6,76935.6,76958.3,6.249
2026-08-23 03:54:00+00:00,76958.3,76974.6,76954.2,76954.2,4.568
2026-08-23 03:55:00+00:00,76954.2,76954.3,76945.0,76945.1,3.601
2026-08-23 03:56:00+00:00,76945.1,76957.3,76912.0,76942.5,22.234
2026-08-23 03:57:00+00:00,76942.5,76943.2,76925.4,76939.2,5.982
2026-08-23 03:58:00+00:00,76939.2,76939.3,76918.9,76937.2,6.071
2026-08-23 03:59:00+00:00,76937.2,76942.1,76919.7,76932.6,9.541
2026-08-23 04:00:00+00:00,76932.6,76932.7,76888.2,76901.8,21.784
2026-08-23 04:01:00+00:00,76901.8,76940.4,76894.5,76940.4,9.808
2026-08-23 04:02:00+00:00,76940.4,76955.6,76891.0,76900.9,24.702
2026-08-23 04:03:00+00:00,76900.9,76901.0,76868.5,76886.4,7.758
2026-08-23 04:04:00+00:00,76886.9,76890.5,76886.9,76890.5,0.168
2026-08-23 04:05:00+00:00,76843.5,76882.2,76843.5,76882.2,18.595
2026-08-23 04:06:00+00:00,76882.2,76942.9,76874.1,76900.1,9.988
2026-08-23 04:07:00+00:00,76900.1,76900.1,76850.0,76864.5,10.318
2026-08-23 04:08:00+00:00,76864.5,76864.6,76629.5,76779.9,543.077
2026-08-23 04:09:00+00:00,76779.9,76832.0,76765.8,76820.6,52.79
2026-08-23 04:10:00+00:00,76820.6,76853.5,76820.0,76851.9,21.418
2026-08-23 04:11:00+00:00,76851.9,76863.1,76836.8,76850.0,38.835
2026-08-23 04:12:00+00:00,76850.0,76871.7,76847.0,76871.7,15.126
2026-08-23 04:13:00+00:00,76871.7,76961.7,76860.8,76960.3,46.158
2026-08-23 04:14:00+00:00,76960.3,77041.8,76960.2,77003.8,131.725
2026-08-23 04:15:00+00:00,77003.8,77041.9,76981.9,76988.7,114.589
2026-08-23 04:16:00+00:00,76988.7,76996.0,76960.6,76983.6,18.89
2026-08-23 04:17:00+00:00,76983.6,77004.8,76910.9,76931.7,100.806
2026-08-23 04:18:00+00:00,76931.7,76931.7,76929.3,76929.3,0.304
2026-08-23 04:19:00+00:00,76900.2,76901.1,76800.0,76809.4,63.332
2026-08-23 04:20:00+00:00,76809.4,76848.3,76786.7,76791.4,36.122
2026-08-23 04:21:00+00:00,76791.4,76849.8,76791.4,76820.9,64.575
2026-08-23 04:22:00+00:00,76820.9,76891.2,76820.8,76884.2,20.135
2026-08-23 04:23:00+00:00,76884.2,76902.8,76860.9,76873.7,57.88
2026-08-23 04:24:00+00:00,76873.7,76906.0,76869.4,76905.9,4.922
2026-08-23 04:25:00+00:00,76905.9,76940.4,76905.9,76919.5,5.865
2026-08-23 04:26:00+00:00,76919.5,76950.0,76919.5,76950.0,7.969
2026-08-23 04:27:00+00:00,76950.0,76964.0,76934.0,76935.3,7.989
2026-08-23 04:28:00+00:00,76935.3,77014.0,76935.3,76965.7,116.3
2026-08-23 04:29:00+00:00,76965.7,76972.3,76955.5,76965.4,6.816
2026-08-23 04:30:00+00:00,76965.4,76973.0,76908.2,76919.1,23.264
2026-08-23 04:31:00+00:00,76919.1,76921.8,76888.7,76912.7,30.046
2026-08-23 04:32:00+00:00,76912.7,76918.0,76858.1,76884.4,61.51
2026-08-23 04:33:00+00:00,76884.4,76890.0,76884.4,76889.9,2.847
2026-08-23 04:34:00+00:00,76882.6,76882.6,76864.3,76864.3,1.198
2026-08-23 04:35:00+00:00,76875.3,76877.1,76820.5,76820.5,25.798
2026-08-23 04:36:00+00:00,76820.5,76854.1,76812.7,76846.0,10.416
2026-08-23 04:37:00+00:00,76846.0,76857.0,76817.6,76856.9,3.896
2026-08-23 04:38:00+00:00,76856.9,76869.4,76850.9,76851.3,20.698
2026-08-23 04:39:00+00:00,76851.3,76866.0,76845.6,76858.1,4.026
2026-08-23 04:40:00+00:00,76858.1,76890.2,76858.0,76890.2,8.733
2026-08-23 04:41:00+00:00,76890.2,76909.1,76819.8,76865.8,55.665
2026-08-23 04:42:00+00:00,76865.8,76885.0,76840.0,76840.1,14.099
2026-08-23 04:43:00+00:00,76840.1,76846.8,76825.0,76825.0,5.617
2026-08-23 04:44:00+00:00,76825.0,76826.5,76808.3,76822.5,5.594
2026-08-23 04:45:00+00:00,76822.5,76825.8,76722.7,76750.6,33.324
2026-08-23 04:46:00+00:00,76750.6,76750.6,76653.4,76737.5,83.656
2026-08-23 04:47:00+00:00,76737.5,76767.5,76700.2,76704.3,41.494
2026-08-23 04:48:00+00:00,76704.3,76720.7,76570.0,76570.1,238.262
2026-08-23 04:49:00+00:00,76570.1,76606.0,76550.0,76595.8,32.498
2026-08-23 04:50:00+00:00,76617.1,76740.4,76617.1,76657.4,63.912
2026-08-23 04:51:00+00:00,76657.4,76747.0,76657.4,76689.9,21.604
2026-08-23 04:52:00+00:00,76689.9,76696.0,76661.2,76677.4,21.017
2026-08-23 04:53:00+00:00,76677.4,76730.7,76677.4,76714.9,28.791
2026-08-23 04:54:00+00:00,76714.9,76722.8,76676.6,76693.4,23.214
2026-08-23 04:55:00+00:00,76693.4,76709.7,76644.1,76665.7,60.631
2026-08-23 04:56:00+00:00,76665.7,76665.7,76622.0,76628.6,23.106
2026-08-23 04:57:00+00:00,76628.6,76631.9,76583.9,76589.2,22.93
2026-08-23 04:58:00+00:00,76589.2,76618.5,76562.1,76581.0,42.749
2026-08-23 04:59:00+00:00,76581.0,76685.1,76459.0,76602.3,251.275
2026-08-23 05:00:00+00:00,76602.3,76738.3,76561.8,76683.2,98.384
2026-08-23 05:01:00+00:00,76683.2,76715.8,76636.6,76637.9,39.638
2026-08-23 05:02:00+00:00,76637.9,76652.2,76500.0,76506.2,46.823
2026-08-23 05:03:00+00:00,76506.2,76536.9,76477.0,76519.0,169.368
2026-08-23 05:04:00+00:00,76519.0,76619.4,76490.1,76566.1,128.01
2026-08-23 05:05:00+00:00,76566.1,76646.3,76566.1,76580.6,16.893
2026-08-23 05:06:00+00:00,76542.4,76553.2,76479.9,76541.6,21.64
2026-08-23 05:07:00+00:00,76541.6,76606.9,76480.1,76488.9,51.931
2026-08-23 05:08:00+00:00,76488.9,76502.8,76294.2,76358.0,322.079
2026-08-23 05:09:00+00:00,76358.0,76424.8,76159.1,76302.6,349.444
2026-08-23 05:10:00+00:00,76302.6,76437.6,76288.6,76376.3,162.746
2026-08-23 05:11:00+00:00,76376.3,76380.4,76311.3,76379.8,116.343
2026-08-23 05:12:00+00:00,76379.8,76392.1,76337.8,76392.1,46.066
2026-08-23 05:13:00+00:00,76392.1,76420.9,76288.2,76292.1,59.941
2026-08-23 05:14:00+00:00,76292.1,76292.6,75810.0,75903.1,1215.145
2026-08-23 05:15:00+00:00,75903.1,76058.0,75860.9,76022.3,273.914
2026-08-23 05:16:00+00:00,76022.3,76051.6,75833.4,75849.5,118.111
2026-08-23 05:17:00+00:00,75849.5,75868.0,75550.0,75739.2,1276.011
2026-08-23 05:18:00+00:00,75739.2,75999.0,75679.6,75981.0,312.699
2026-08-23 05:19:00+00:00,75981.0,75999.0,75957.7,75999.0,3.669
2026-08-23 05:20:00+00:00,76052.0,76179.6,76009.6,76135.1,461.674
2026-08-23 05:21:00+00:00,76135.1,76211.0,76064.5,76152.1,353.663
2026-08-23 05:22:00+00:00,76152.1,76229.8,76117.8,76171.9,311.846
2026-08-23 05:23:00+00:00,76171.9,76200.0,76155.6,76199.9,107.78
2026-08-23 05:24:00+00:00,76199.9,76312.0,76197.4,76291.4,172.523
2026-08-23 05:25:00+00:00,76291.4,76333.0,76268.3,76268.3,75.783
2026-08-23 05:26:00+00:00,76268.3,76289.8,76186.6,76206.9,63.722
2026-08-23 05:27:00+00:00,76206.9,76297.6,76206.9,76268.3,66.901
2026-08-23 05:28:00+00:00,76268.3,76322.2,76255.0,76263.8,104.742
2026-08-23 05:29:00+00:00,76263.8,76286.0,76213.3,76235.1,60.059
2026-08-23 05:30:00+00:00,76235.1,76349.6,76220.2,76236.1,93.142
2026-08-23 05:31:00+00:00,76236.1,76259.6,76201.1,76222.9,43.606
2026-08-23 05:32:00+00:00,76222.9,76332.7,76216.6,76297.3,36.095
2026-08-23 05:33:00+00:00,76297.3,76303.2,76234.2,76300.0,14.766
2026-08-23 05:34:00+00:00,76300.0,76306.5,76239.4,76257.5,21.421
2026-08-23 05:35:00+00:00,76257.5,76317.9,76236.5,76310.1,29.851
2026-08-23 05:36:00+00:00,76310.1,76310.1,76210.2,76213.8,51.042
2026-08-23 05:37:00+00:00,76213.8,76268.3,76209.3,76232.5,14.677
2026-08-23 05:38:00+00:00,76232.5,76259.4,76212.9,76216.1,29.356
2026-08-23 05:39:00+00:00,76216.1,76244.9,76177.3,76244.9,43.96
2026-08-23 05:40:00+00:00,76244.9,76280.2,76170.7,76211.6,69.453
2026-08-23 05:41:00+00:00,76211.6,76267.9,76191.5,76240.0,50.944
2026-08-23 05:42:00+00:00,76240.0,76263.3,76160.5,76172.0,50.626
2026-08-23 05:43:00+00:00,76172.0,76172.0,76142.6,76146.7,17.906
2026-08-23 05:44:00+00:00,76146.7,76182.5,76103.5,76178.3,42.088
2026-08-23 05:45:00+00:00,76178.3,76215.9,76148.0,76155.3,39.14
2026-08-23 05:46:00+00:00,76155.3,76200.0,76144.9,76174.6,17.336
2026-08-23 05:47:00+00:00,76174.6,76178.1,76104.8,76145.0,95.334
2026-08-23 05:48:00+00:00,76145.0,76172.9,76125.2,76153.7,50.317
2026-08-23 05:49:00+00:00,76153.7,76207.0,76153.7,76177.2,43.037
2026-08-23 05:50:00+00:00,76177.2,76262.3,76172.4,76185.8,49.921
2026-08-23 05:51:00+00:00,76185.8,76210.5,76059.6,76071.4,48.772
2026-08-23 05:52:00+00:00,76071.4,76111.9,76022.0,76106.2,97.465
2026-08-23 05:53:00+00:00,76106.2,76137.0,76091.6,76124.0,22.236
2026-08-23 05:54:00+00:00,76124.0,76161.8,76103.2,76159.6,27.744
2026-08-23 05:55:00+00:00,76159.6,76193.9,76113.8,76142.0,31.838
2026-08-23 05:56:00+00:00,76142.0,76154.3,76119.0,76135.6,12.221
2026-08-23 05:57:00+00:00,76135.6,76149.3,76118.2,76125.4,29.542
2026-08-23 05:58:00+00:00,76125.4,76131.7,76118.1,76119.0,9.289
2026-08-23 05:59:00+00:00,76119.0,76129.9,76064.8,76064.8,168.571
2026-08-23 06:00:00+00:00,76064.8,76123.3,76062.6,76083.3,41.029
2026-08-23 06:01:00+00:00,76083.3,76083.4,76000.1,76057.6,58.299
2026-08-23 06:02:00+00:00,76057.6,76100.8,76018.7,76100.8,38.751
2026-08-23 06:03:00+00:00,76100.8,76115.3,76066.8,76066.9,57.773
2026-08-23 06:04:00+00:00,76066.9,76129.0,76042.7,76114.9,28.21
2026-08-23 06:05:00+00:00,76114.9,76144.0,76094.6,76103.3,38.924
2026-08-23 06:06:00+00:00,76103.3,76103.3,76014.2,76060.3,55.002
2026-08-23 06:07:00+00:00,76060.3,76080.6,75986.6,75998.3,30.662
2026-08-23 06:08:00+00:00,75998.3,75998.4,75888.0,75931.8,75.995
2026-08-23 06:09:00+00:00,75931.8,75945.8,75892.1,75925.1,47.055
2026-08-23 06:10:00+00:00,75925.1,75972.0,75910.5,75972.0,44.054
2026-08-23 06:11:00+00:00,75972.0,76006.9,75925.3,75929.9,40.253
2026-08-23 06:12:00+00:00,75929.9,75994.7,75920.6,75975.0,14.933
2026-08-23 06:13:00+00:00,75975.0,76060.0,75965.3,76060.0,51.526
2026-08-23 06:14:00+00:00,76060.0,76168.8,76060.0,76091.0,81.061
2026-08-23 06:15:00+00:00,76091.0,76190.2,76080.2,76142.3,52.678
2026-08-23 06:16:00+00:00,76142.3,76206.3,76139.4,76147.6,24.262
2026-08-23 06:17:00+00:00,76147.6,76201.4,76119.4,76198.0,23.842
2026-08-23 06:18:00+00:00,76198.0,76202.4,76155.8,76202.3,26.397
2026-08-23 06:19:00+00:00,76202.3,76296.0,76198.1,76291.6,64.578
2026-08-23 06:20:00+00:00,76291.6,76312.0,76273.7,76307.3,53.953
2026-08-23 06:21:00+00:00,76307.3,76307.3,76198.2,76249.6,36.018
2026-08-23 06:22:00+00:00,76249.6,76312.2,76212.9,76258.2,34.704
2026-08-23 06:23:00+00:00,76258.2,76313.6,76258.2,76302.4,16.045
2026-08-23 06:24:00+00:00,76302.4,76308.9,76270.9,76279.3,53.588
2026-08-23 06:25:00+00:00,76279.3,76279.3,76228.6,76253.0,30.326
2026-08-23 06:26:00+00:00,76253.0,76277.7,76230.9,76231.0,12.761
2026-08-23 06:27:00+00:00,76231.0,76231.0,76192.4,76203.1,36.758
2026-08-23 06:28:00+00:00,76203.1,76227.7,76177.6,76192.4,33.624
2026-08-23 06:29:00+00:00,76192.4,76245.7,76176.8,76243.5,17.167
2026-08-23 06:30:00+00:00,76243.5,76357.2,76236.7,76311.7,205.89
2026-08-23 06:31:00+00:00,76311.7,76353.9,76294.5,76333.1,94.811
2026-08-23 06:32:00+00:00,76333.1,76363.5,76333.1,76335.1,37.253
2026-08-23 06:33:00+00:00,76335.1,76366.0,76335.1,76352.5,39.161
2026-08-23 06:34:00+00:00,76352.5,76355.6,76340.9,76340.9,4.546
2026-08-23 06:35:00+00:00,76340.9,76358.2,76302.4,76302.4,35.304
2026-08-23 06:36:00+00:00,76302.4,76330.3,76260.5,76289.0,34.508
2026-08-23 06:37:00+00:00,76289.0,76289.0,76253.4,76254.9,9.232
2026-08-23 06:38:00+00:00,76254.9,76254.9,76234.0,76234.0,41.395
2026-08-23 06:39:00+00:00,76234.0,76249.8,76176.8,76244.9,28.173
2026-08-23 06:40:00+00:00,76244.9,76280.0,76244.8,76271.8,16.928
2026-08-23 06:41:00+00:00,76271.8,76306.0,76271.8,76278.7,7.175
2026-08-23 06:42:00+00:00,76278.7,76304.4,76274.3,76286.2,14.105
2026-08-23 06:43:00+00:00,76286.2,76286.3,76247.6,76247.7,9.295
2026-08-23 06:44:00+00:00,76247.7,76289.1,76247.6,76266.1,5.486
2026-08-23 06:45:00+00:00,76266.1,76277.5,76218.4,76218.5,8.94
2026-08-23 06:46:00+00:00,76218.5,76284.9,76214.3,76280.0,20.291
2026-08-23 06:47:00+00:00,76280.0,76280.6,76244.3,76251.3,9.854
2026-08-23 06:48:00+00:00,76251.3,76258.3,76216.2,76217.7,13.892
2026-08-23 06:49:00+00:00,76217.7,76217.8,76192.6,76194.9,49.322
2026-08-23 06:50:00+00:00,76194.9,76231.0,76180.0,76230.9,29.588
2026-08-23 06:51:00+00:00,76230.9,76231.0,76180.1,76180.1,16.933
2026-08-23 06:52:00+00:00,76180.1,76210.9,76180.0,76196.1,24.029
2026-08-23 06:53:00+00:00,76196.1,76200.5,76165.2,76169.0,11.293
2026-08-23 06:54:00+00:00,76169.0,76172.4,76131.2,76154.8,35.661
2026-08-23 06:55:00+00:00,76154.8,76170.5,76120.0,76120.0,20.434
2026-08-23 06:56:00+00:00,76120.0,76132.7,76087.3,76098.4,25.119
2026-08-23 06:57:00+00:00,76098.4,76129.3,76092.3,76108.9,25.41
2026-08-23 06:58:00+00:00,76108.9,76109.0,76022.1,76049.9,63.397
2026-08-23 06:59:00+00:00,76049.9,76108.9,76048.8,76102.2,13.588
2026-08-23 07:00:00+00:00,76102.2,76106.0,76052.8,76052.8,19.643
2026-08-23 07:01:00+00:00,76052.8,76098.1,76028.4,76098.1,17.135
2026-08-23 07:02:00+00:00,76098.1,76109.1,76040.0,76057.7,23.231
2026-08-23 07:03:00+00:00,76057.7,76088.8,76020.1,76065.5,33.603
2026-08-23 07:04:00+00:00,76065.5,76133.2,76056.5,76132.3,20.009
2026-08-23 07:05:00+00:00,76132.3,76217.5,76127.3,76192.7,30.274
2026-08-23 07:06:00+00:00,76192.7,76252.0,76192.7,76247.2,39.075
2026-08-23 07:07:00+00:00,76247.2,76281.0,76222.5,76261.6,39.0
2026-08-23 07:08:00+00:00,76261.6,76261.6,76225.4,76230.2,13.375
2026-08-23 07:09:00+00:00,76230.2,76244.0,76224.3,76236.1,4.04
2026-08-23 07:10:00+00:00,76236.1,76250.0,76231.0,76247.3,6.326
2026-08-23 07:11:00+00:00,76247.3,76277.9,76247.3,76267.1,16.339
2026-08-23 07:12:00+00:00,76267.1,76304.0,76260.6,76294.3,25.665
2026-08-23 07:13:00+00:00,76294.3,76343.0,76283.6,76312.2,20.7
2026-08-23 07:14:00+00:00,76312.2,76323.2,76298.0,76306.7,36.074
2026-08-23 07:15:00+00:00,76306.7,76350.0,76298.0,76336.0,30.518
2026-08-23 07:16:00+00:00,76336.0,76358.0,76331.7,76339.8,14.3
2026-08-23 07:17:00+00:00,76339.8,76339.8,76328.2,76334.5,15.787
2026-08-23 07:18:00+00:00,76334.5,76337.5,76327.1,76328.2,9.251
2026-08-23 07:19:00+00:00,76328.2,76341.4,76328.1,76336.3,39.943
2026-08-23 07:20:00+00:00,76336.3,76336.3,76336.2,76336.3,0.158
2026-08-23 07:21:00+00:00,76275.0,76282.8,76250.0,76255.1,18.67
2026-08-23 07:22:00+00:00,76255.1,76290.9,76250.7,76250.7,16.862
2026-08-23 07:23:00+00:00,76250.7,76280.0,76250.0,76276.8,6.634
2026-08-23 07:24:00+00:00,76276.8,76276.9,76239.9,76239.9,11.637
2026-08-23 07:25:00+00:00,76239.9,76280.0,76239.9,76280.0,48.152
2026-08-23 07:26:00+00:00,76280.0,76280.0,76250.7,76254.6,4.816
2026-08-23 07:27:00+00:00,76254.6,76267.4,76236.9,76241.5,17.475
2026-08-23 07:28:00+00:00,76241.5,76255.0,76224.8,76254.9,10.7
2026-08-23 07:29:00+00:00,76254.9,76255.0,76221.4,76221.4,7.806
2026-08-23 07:30:00+00:00,76221.4,76232.3,76209.2,76226.3,15.985
2026-08-23 07:31:00+00:00,76226.3,76226.4,76170.4,76190.3,16.992
2026-08-23 07:32:00+00:00,76190.3,76201.9,76187.2,76193.7,17.187
2026-08-23 07:33:00+00:00,76193.7,76197.5,76159.2,76161.3,17.673
2026-08-23 07:34:00+00:00,76161.3,76161.3,76100.1,76100.1,19.465
2026-08-23 07:35:00+00:00,76100.1,76139.2,76066.3,76128.3,51.514
2026-08-23 07:36:00+00:00,76128.3,76128.3,76105.9,76115.4,7.751
2026-08-23 07:37:00+00:00,76136.1,76136.2,76096.4,76103.5,17.35
2026-08-23 07:38:00+00:00,76103.5,76103.6,76073.6,76083.0,15.535
2026-08-23 07:39:00+00:00,76083.0,76118.8,76082.9,76118.8,8.809
2026-08-23 07:40:00+00:00,76118.8,76130.0,76075.2,76075.2,23.551
2026-08-23 07:41:00+00:00,76075.2,76086.2,76067.6,76071.9,9.471
2026-08-23 07:42:00+00:00,76071.9,76072.0,76059.9,76066.4,21.978
2026-08-23 07:43:00+00:00,76066.4,76066.4,76044.3,76048.2,18.914
2026-08-23 07:44:00+00:00,76048.2,76061.5,76045.0,76060.6,25.145
2026-08-23 07:45:00+00:00,76060.6,76082.5,76048.0,76048.0,67.084
2026-08-23 07:46:00+00:00,76048.0,76090.9,76037.8,76056.4,36.844
2026-08-23 07:47:00+00:00,76056.4,76067.8,76056.4,76066.0,6.341
2026-08-23 07:48:00+00:00,76066.0,76074.5,76043.9,76074.5,22.663
2026-08-23 07:49:00+00:00,76074.5,76120.0,76074.5,76108.2,14.607
2026-08-23 07:50:00+00:00,76108.2,76119.8,76081.1,76094.1,18.484
2026-08-23 07:51:00+00:00,76094.1,76151.7,76094.1,76115.4,34.598
2026-08-23 07:52:00+00:00,76115.4,76162.0,76115.3,76131.1,37.828
2026-08-23 07:53:00+00:00,76131.1,76152.1,76120.4,76120.5,13.82
2026-08-23 07:54:00+00:00,76120.5,76120.5,76040.0,76040.0,44.274
2026-08-23 07:55:00+00:00,76040.0,76054.6,75992.3,75999.2,73.565
2026-08-23 07:56:00+00:00,75999.2,75999.2,75946.6,75972.2,35.291
2026-08-23 07:57:00+00:00,75972.2,75992.1,75937.2,75945.6,90.907
2026-08-23 07:58:00+00:00,75945.6,75952.3,75905.6,75922.9,53.317
2026-08-23 07:59:00+00:00,75922.9,76016.4,75922.9,76016.4,39.027
2026-08-23 08:00:00+00:00,76016.4,76019.5,75979.5,76016.2,35.285
2026-08-23 08:01:00+00:00,76016.2,76023.1,75959.2,75971.7,24.829
2026-08-23 08:02:00+00:00,75971.7,76034.1,75965.8,76030.7,20.715
2026-08-23 08:03:00+00:00,76030.7,76049.9,75973.7,75998.5,31.842
2026-08-23 08:04:00+00:00,75998.5,76057.0,75984.9,76054.9,18.201
2026-08-23 08:05:00+00:00,76054.9,76085.5,76042.3,76085.4,26.671
2026-08-23 08:06:00+00:00,76085.4,76120.9,76076.3,76107.6,24.065
2026-08-23 08:07:00+00:00,76107.6,76121.8,76104.0,76119.0,11.201
2026-08-23 08:08:00+00:00,76119.0,76168.3,76119.0,76153.0,21.984
2026-08-23 08:09:00+00:00,76153.0,76264.8,76153.0,76245.2,155.415
2026-08-23 08:10:00+00:00,76245.2,76345.9,76235.1,76250.0,285.722
2026-08-23 08:11:00+00:00,76250.0,76264.9,76192.8,76228.5,97.944
2026-08-23 08:12:00+00:00,76228.5,76288.9,76228.4,76241.9,50.713
2026-08-23 08:13:00+00:00,76241.9,76252.0,76194.7,76202.8,48.861
2026-08-23 08:14:00+00:00,76202.8,76214.6,76201.6,76207.7,9.917
2026-08-23 08:15:00+00:00,76207.7,76231.1,76200.0,76221.0,10.298
2026-08-23 08:16:00+00:00,76221.0,76249.7,76208.5,76226.8,21.579
2026-08-23 08:17:00+00:00,76226.8,76305.5,76219.1,76292.3,36.393
2026-08-23 08:18:00+00:00,76292.3,76304.0,76274.3,76296.7,21.583
2026-08-23 08:19:00+00:00,76296.7,76296.7,76258.6,76265.3,19.081
2026-08-23 08:20:00+00:00,76265.3,76265.6,76243.3,76247.9,13.083
2026-08-23 08:21:00+00:00,76247.9,76250.3,76240.0,76250.2,4.139
2026-08-23 08:22:00+00:00,76233.9,76251.3,76227.2,76227.2,4.19
2026-08-23 08:23:00+00:00,76227.2,76242.4,76218.9,76242.4,12.218
2026-08-23 08:24:00+00:00,76242.4,76250.0,76235.6,76242.6,10.416
2026-08-23 08:25:00+00:00,76242.6,76249.1,76225.7,76233.9,7.392
2026-08-23 08:26:00+00:00,76233.9,76250.0,76225.3,76225.3,28.386
2026-08-23 08:27:00+00:00,76225.3,76260.0,76225.1,76260.0,22.041
2026-08-23 08:28:00+00:00,76260.0,76260.0,76256.1,76256.3,4.776
2026-08-23 08:29:00+00:00,76256.3,76256.5,76224.2,76239.5,28.728
2026-08-23 08:30:00+00:00,76239.5,76261.5,76239.5,76260.1,7.543
2026-08-23 08:31:00+00:00,76260.1,76292.3,76257.5,76292.3,12.074
2026-08-23 08:32:00+00:00,76292.3,76304.2,76274.6,76298.1,14.733
2026-08-23 08:33:00+00:00,76298.1,76316.5,76282.5,76304.8,21.465
2026-08-23 08:34:00+00:00,76304.8,76325.5,76271.9,76311.8,25.462
2026-08-23 08:35:00+00:00,76311.8,76350.0,76286.1,76338.7,54.984
2026-08-23 08:36:00+00:00,76338.7,76363.4,76332.4,76354.5,30.437
2026-08-23 08:37:00+00:00,76337.2,76350.0,76337.2,76349.9,1.096
2026-08-23 08:38:00+00:00,76445.1,76548.2,76392.0,76483.3,165.204
2026-08-23 08:39:00+00:00,76483.3,76483.4,76426.2,76446.5,81.941
2026-08-23 08:40:00+00:00,76446.5,76524.0,76431.1,76509.2,65.964
2026-08-23 08:41:00+00:00,76509.2,76712.7,76509.1,76538.0,444.497
2026-08-23 08:42:00+00:00,76538.0,76597.4,76516.4,76532.5,131.196
2026-08-23 08:43:00+00:00,76532.5,76550.0,76510.2,76523.5,70.376
2026-08-23 08:44:00+00:00,76523.5,76536.0,76516.9,76521.7,30.546
2026-08-23 08:45:00+00:00,76521.7,76616.0,76520.4,76602.6,51.422
2026-08-23 08:46:00+00:00,76602.6,76625.0,76569.6,76569.6,41.214
2026-08-23 08:47:00+00:00,76569.6,76569.7,76518.5,76527.0,86.285
2026-08-23 08:48:00+00:00,76527.0,76543.3,76500.0,76515.7,27.134
2026-08-23 08:49:00+00:00,76515.7,76528.3,76486.4,76490.9,30.513
2026-08-23 08:50:00+00:00,76490.9,76497.4,76471.6,76477.4,34.442
2026-08-23 08:51:00+00:00,76477.4,76517.3,76462.0,76517.3,31.004
2026-08-23 08:52:00+00:00,76517.3,76548.3,76517.2,76535.0,34.331
2026-08-23 08:53:00+00:00,76535.0,76541.7,76500.6,76507.4,34.01
2026-08-23 08:54:00+00:00,76507.4,76523.0,76500.0,76509.1,22.41
2026-08-23 08:55:00+00:00,76509.1,76509.2,76490.1,76506.9,8.865
2026-08-23 08:56:00+00:00,76506.9,76520.7,76450.0,76472.3,182.473
2026-08-23 08:57:00+00:00,76472.3,76472.3,76464.2,76464.3,10.177
2026-08-23 08:58:00+00:00,76464.3,76475.4,76450.0,76472.4,14.583
2026-08-23 08:59:00+00:00,76472.4,76498.0,76472.0,76484.3,21.189
2026-08-23 09:00:00+00:00,76484.3,76484.3,76467.4,76470.4,14.579
2026-08-23 09:01:00+00:00,76470.4,76550.0,76470.3,76547.5,34.713
2026-08-23 09:02:00+00:00,76547.5,76605.6,76547.5,76597.1,28.64
2026-08-23 09:03:00+00:00,76597.1,76621.0,76524.4,76529.9,40.135
2026-08-23 09:04:00+00:00,76529.9,76618.1,76529.9,76586.9,28.574
2026-08-23 09:05:00+00:00,76586.9,76618.4,76585.4,76613.7,15.579
2026-08-23 09:06:00+00:00,76613.7,76618.4,76588.0,76595.6,11.735
2026-08-23 09:07:00+00:00,76595.6,76649.2,76595.6,76604.2,20.922
2026-08-23 09:08:00+00:00,76604.2,76630.3,76574.7,76582.1,16.727
2026-08-23 09:09:00+00:00,76582.1,76613.0,76582.0,76598.4,33.578
2026-08-23 09:10:00+00:00,76598.4,76618.0,76570.0,76584.6,39.45
2026-08-23 09:11:00+00:00,76584.6,76586.3,76563.6,76563.6,5.69
2026-08-23 09:12:00+00:00,76563.6,76569.8,76544.7,76556.7,18.398
2026-08-23 09:13:00+00:00,76556.7,76565.6,76555.7,76565.5,10.036
2026-08-23 09:14:00+00:00,76565.5,76600.3,76552.9,76587.0,13.081
2026-08-23 09:15:00+00:00,76587.0,76612.0,76586.9,76611.9,21.674
2026-08-23 09:16:00+00:00,76611.9,76611.9,76555.2,76555.2,34.243
2026-08-23 09:17:00+00:00,76555.2,76555.2,76512.2,76537.9,13.764
2026-08-23 09:18:00+00:00,76537.9,76542.4,76512.3,76528.9,13.393
2026-08-23 09:19:00+00:00,76528.9,76550.0,76528.9,76537.1,9.183
2026-08-23 09:20:00+00:00,76537.1,76547.8,76509.4,76509.9,12.413
2026-08-23 09:21:00+00:00,76509.9,76512.0,76470.4,76506.1,33.322
2026-08-23 09:22:00+00:00,76506.1,76550.0,76495.1,76546.6,30.606
2026-08-23 09:23:00+00:00,76546.6,76546.6,76524.0,76541.5,4.134
2026-08-23 09:24:00+00:00,76541.5,76541.5,76496.8,76496.9,5.905
2026-08-23 09:25:00+00:00,76496.8,76524.0,76496.8,76524.0,6.275
2026-08-23 09:26:00+00:00,76524.0,76558.2,76524.0,76558.2,10.3
2026-08-23 09:27:00+00:00,76558.2,76601.6,76549.0,76554.2,23.261
2026-08-23 09:28:00+00:00,76554.2,76577.5,76547.0,76571.5,4.413
2026-08-23 09:29:00+00:00,76571.5,76574.3,76546.7,76548.5,9.717
2026-08-23 09:30:00+00:00,76548.5,76548.6,76479.1,76488.6,28.024
2026-08-23 09:31:00+00:00,76488.6,76499.7,76479.0,76494.1,8.074
2026-08-23 09:32:00+00:00,76494.1,76500.0,76483.1,76499.9,2.21
2026-08-23 09:33:00+00:00,76499.9,76509.5,76488.0,76502.2,8.084
2026-08-23 09:34:00+00:00,76502.2,76514.9,76500.0,76500.1,6.808
2026-08-23 09:35:00+00:00,76500.1,76510.8,76464.0,76500.1,41.42
2026-08-23 09:36:00+00:00,76500.1,76550.0,76498.1,76542.4,9.435
2026-08-23 09:37:00+00:00,76542.4,76546.3,76531.1,76536.4,4.178
2026-08-23 09:38:00+00:00,76536.4,76536.4,76502.4,76512.4,12.757
2026-08-23 09:39:00+00:00,76512.4,76538.3,76506.2,76538.3,3.75
2026-08-23 09:40:00+00:00,76538.3,76546.1,76538.3,76542.6,2.182
2026-08-23 09:41:00+00:00,76550.0,76586.1,76539.5,76559.4,26.772
2026-08-23 09:42:00+00:00,76559.4,76566.7,76545.9,76559.3,3.31
2026-08-23 09:43:00+00:00,76559.3,76570.5,76559.3,76566.3,7.062
2026-08-23 09:44:00+00:00,76566.3,76574.2,76566.3,76568.3,5.059
2026-08-23 09:45:00+00:00,76568.3,76613.0,76568.2,76572.1,7.269
2026-08-23 09:46:00+00:00,76572.1,76572.1,76528.0,76528.0,7.629
2026-08-23 09:47:00+00:00,76528.0,76568.7,76506.5,76562.5,34.032
2026-08-23 09:48:00+00:00,76562.5,76610.0,76562.5,76608.0,10.876
2026-08-23 09:49:00+00:00,76608.0,76614.0,76591.0,76591.0,9.9
2026-08-23 09:50:00+00:00,76591.0,76628.0,76589.4,76626.8,12.368
2026-08-23 09:51:00+00:00,76626.8,76632.4,76623.8,76627.0,4.346
2026-08-23 09:52:00+00:00,76621.6,76653.7,76604.2,76605.0,28.839
2026-08-23 09:53:00+00:00,76605.0,76625.9,76605.0,76625.9,0.559
2026-08-23 09:54:00+00:00,76584.9,76584.9,76584.9,76584.9,0.427
2026-08-23 09:55:00+00:00,76595.1,76600.0,76595.1,76600.0,2.181
2026-08-23 09:56:00+00:00,76584.9,76590.0,76584.9,76589.9,0.137
2026-08-23 09:57:00+00:00,76580.3,76587.1,76579.3,76587.0,3.176
2026-08-23 09:58:00+00:00,76587.0,76593.5,76571.4,76573.3,4.549
2026-08-23 09:59:00+00:00,76573.3,76580.0,76544.7,76551.5,3.443
2026-08-23 10:00:00+00:00,76539.6,76539.6,76537.0,76539.3,0.786
2026-08-23 10:01:00+00:00,76594.1,76594.1,76594.1,76594.1,0.0
2026-08-23 10:02:00+00:00,76555.7,76555.7,76551.8,76551.8,0.023
2026-08-23 10:03:00+00:00,76593.9,76594.0,76593.9,76594.0,0.289
2026-08-23 10:04:00+00:00,76637.5,76637.5,76630.5,76630.6,9.297
2026-08-23 10:05:00+00:00,76628.1,76628.3,76628.1,76628.2,0.261
2026-08-23 10:06:00+00:00,76666.0,76666.0,76665.9,76665.9,0.101
2026-08-23 10:07:00+00:00,76710.1,76710.2,76703.4,76703.4,1.14
2026-08-23 10:08:00+00:00,76714.6,76720.2,76711.1,76713.2,1.167
2026-08-23 10:09:00+00:00,76666.1,76666.1,76657.6,76665.0,5.634
2026-08-23 10:10:00+00:00,76677.6,76706.5,76677.6,76701.4,3.17
2026-08-23 10:11:00+00:00,76650.3,76650.3,76645.0,76645.0,0.264
2026-08-23 10:12:00+00:00,76639.1,76639.1,76639.0,76639.1,0.085
2026-08-23 10:13:00+00:00,76627.8,76627.8,76627.7,76627.8,0.069
2026-08-23 10:14:00+00:00,76608.8,76609.0,76608.8,76609.0,0.184
2026-08-23 10:15:00+00:00,76654.6,76654.6,76654.6,76654.6,0.0
2026-08-23 10:16:00+00:00,76669.6,76669.6,76669.6,76669.6,0.0
2026-08-23 10:17:00+00:00,76651.5,76651.5,76651.4,76651.5,0.228
2026-08-23 10:18:00+00:00,76652.4,76654.4,76652.1,76654.4,10.598
2026-08-23 10:19:00+00:00,76657.3,76657.3,76657.3,76657.3,0.0
2026-08-23 10:20:00+00:00,76650.5,76656.7,76650.5,76656.7,0.209
2026-08-23 10:21:00+00:00,76760.1,76760.1,76754.1,76754.2,3.646
2026-08-23 10:22:00+00:00,76862.1,76872.8,76845.7,76872.8,7.731
2026-08-23 10:23:00+00:00,76844.2,76844.2,76844.1,76844.2,0.148
2026-08-23 10:24:00+00:00,76823.5,76823.6,76823.5,76823.6,0.303
2026-08-23 10:25:00+00:00,76845.3,76849.4,76837.0,76839.1,10.879
2026-08-23 10:26:00+00:00,76804.5,76826.3,76801.3,76826.3,5.486
2026-08-23 10:27:00+00:00,76800.0,76800.1,76800.0,76800.0,0.062
2026-08-23 10:28:00+00:00,76802.3,76802.3,76798.6,76798.6,0.79
2026-08-23 10:29:00+00:00,76753.7,76780.0,76753.7,76768.8,8.099
2026-08-23 10:30:00+00:00,76759.9,76762.2,76759.9,76762.1,0.382
2026-08-23 10:31:00+00:00,76744.0,76756.2,76744.0,76756.1,1.694
2026-08-23 10:32:00+00:00,76783.0,76783.0,76779.7,76779.7,0.223
2026-08-23 10:33:00+00:00,76818.5,76821.7,76818.5,76821.7,0.133
2026-08-23 10:34:00+00:00,76885.7,76885.8,76876.0,76876.0,0.55
2026-08-23 10:35:00+00:00,76920.0,76936.2,76905.0,76910.2,13.859
2026-08-23 10:36:00+00:00,76881.3,76881.3,76875.5,76875.5,0.631
2026-08-23 10:37:00+00:00,76877.2,76882.6,76877.2,76877.3,0.062
2026-08-23 10:38:00+00:00,76828.3,76828.3,76828.2,76828.3,0.547
2026-08-23 10:39:00+00:00,76842.3,76842.3,76822.8,76822.8,1.14
2026-08-23 10:40:00+00:00,76823.4,76823.5,76812.2,76812.2,0.42
2026-08-23 10:41:00+00:00,76830.7,76830.7,76830.7,76830.7,0.082
2026-08-23 10:42:00+00:00,76847.7,76847.7,76847.6,76847.6,0.026
2026-08-23 10:43:00+00:00,76846.5,76846.5,76846.4,76846.4,0.027
2026-08-23 10:44:00+00:00,76847.4,76847.4,76844.2,76844.2,0.167
2026-08-23 10:45:00+00:00,76853.2,76853.3,76853.2,76853.3,0.002
2026-08-23 10:46:00+00:00,76859.1,76874.4,76859.1,76874.4,6.19
2026-08-23 10:47:00+00:00,76870.0,76870.1,76849.7,76849.7,2.114
2026-08-23 10:48:00+00:00,76834.6,76834.6,76834.6,76834.6,0.09
2026-08-23 10:49:00+00:00,76820.2,76820.2,76820.2,76820.2,0.059
2026-08-23 10:50:00+00:00,76808.1,76809.6,76808.1,76809.6,0.834
2026-08-23 10:51:00+00:00,76824.5,76824.5,76824.4,76824.4,0.022
2026-08-23 10:52:00+00:00,76826.9,76826.9,76826.8,76826.8,0.337
2026-08-23 10:53:00+00:00,76814.1,76814.1,76814.1,76814.1,0.0
2026-08-23 10:54:00+00:00,76795.2,76797.1,76795.2,76797.1,0.046
2026-08-23 10:55:00+00:00,76809.2,76809.3,76809.2,76809.3,0.005
2026-08-23 10:56:00+00:00,76780.1,76780.1,76780.0,76780.0,0.035
2026-08-23 10:57:00+00:00,76785.6,76785.6,76773.1,76773.1,1.065
2026-08-23 10:58:00+00:00,76782.9,76782.9,76782.9,76782.9,0.0
2026-08-23 10:59:00+00:00,76773.9,76774.1,76773.9,76774.1,0.057
2026-08-23 11:00:00+00:00,76781.4,76781.5,76781.4,76781.4,0.254
2026-08-23 11:01:00+00:00,76809.9,76823.4,76809.9,76823.3,0.817
2026-08-23 11:02:00+00:00,76820.2,76820.2,76820.2,76820.2,0.0
2026-08-23 11:03:00+00:00,76795.6,76795.7,76795.6,76795.7,1.041
2026-08-23 11:04:00+00:00,76754.9,76754.9,76749.0,76749.0,1.087
2026-08-23 11:05:00+00:00,76729.0,76735.6,76729.0,76735.6,0.266
2026-08-23 11:06:00+00:00,76769.6,76777.3,76769.6,76777.3,0.251
2026-08-23 11:07:00+00:00,76777.4,76777.4,76777.3,76777.4,0.007
2026-08-23 11:08:00+00:00,76807.8,76807.8,76807.8,76807.8,0.0
2026-08-23 11:09:00+00:00,76819.0,76819.0,76819.0,76819.0,0.0
2026-08-23 11:10:00+00:00,76801.7,76803.2,76801.7,76803.2,0.176
2026-08-23 11:11:00+00:00,76791.4,76793.0,76791.4,76793.0,0.054
2026-08-23 11:12:00+00:00,76824.1,76825.7,76824.1,76825.7,0.123
2026-08-23 11:13:00+00:00,76839.2,76839.2,76839.1,76839.1,0.009
2026-08-23 11:14:00+00:00,76860.9,76860.9,76860.8,76860.9,0.143
2026-08-23 11:15:00+00:00,76867.2,76877.8,76867.2,76877.8,5.963
2026-08-23 11:16:00+00:00,76833.1,76833.1,76833.1,76833.1,0.0
2026-08-23 11:17:00+00:00,76875.9,76876.0,76868.6,76868.7,1.434
2026-08-23 11:18:00+00:00,76864.1,76864.2,76847.0,76847.0,1.441
2026-08-23 11:19:00+00:00,76939.7,76941.3,76930.9,76933.8,3.179
2026-08-23 11:20:00+00:00,76969.9,77061.0,76969.9,77057.8,267.868
2026-08-23 11:21:00+00:00,77176.0,77176.2,77174.1,77174.1,1.66
2026-08-23 11:22:00+00:00,77247.4,77247.5,77200.0,77212.9,137.628
2026-08-23 11:23:00+00:00,77212.9,77218.3,77151.4,77171.4,180.284
2026-08-23 11:24:00+00:00,77171.4,77333.4,77171.3,77280.2,151.34
2026-08-23 11:25:00+00:00,77280.2,77299.5,77254.1,77254.1,53.25
2026-08-23 11:26:00+00:00,77254.1,77254.1,77173.4,77195.9,86.975
2026-08-23 11:27:00+00:00,77195.9,77230.7,77151.4,77151.4,66.23
2026-08-23 11:28:00+00:00,77151.4,77167.1,77144.0,77155.1,19.685
2026-08-23 11:29:00+00:00,77155.1,77160.0,77127.2,77153.4,32.736
2026-08-23 11:30:00+00:00,77153.4,77183.9,77115.6,77183.9,28.242
2026-08-23 11:31:00+00:00,77183.9,77222.3,77170.1,77220.1,29.836
2026-08-23 11:32:00+00:00,77220.1,77252.2,77186.0,77199.4,44.234
2026-08-23 11:33:00+00:00,77199.4,77206.8,77167.3,77176.9,11.582
2026-08-23 11:34:00+00:00,77176.9,77195.2,77166.5,77188.5,8.041
2026-08-23 11:35:00+00:00,77188.5,77232.4,77185.6,77227.2,12.416
2026-08-23 11:36:00+00:00,77227.2,77285.1,77224.1,77241.0,38.815
2026-08-23 11:37:00+00:00,77241.0,77375.0,77220.0,77220.1,118.997
2026-08-23 11:38:00+00:00,77220.1,77300.0,77218.2,77289.3,23.642
2026-08-23 11:39:00+00:00,77289.3,77400.0,77284.8,77373.3,79.675
2026-08-23 11:40:00+00:00,77373.3,77373.4,77299.1,77299.1,47.907
2026-08-23 11:41:00+00:00,77299.1,77303.5,77273.4,77299.9,26.59
2026-08-23 11:42:00+00:00,77299.9,77309.1,77274.6,77295.4,55.553
2026-08-23 11:43:00+00:00,77295.4,77295.4,77250.0,77266.5,27.3
2026-08-23 11:44:00+00:00,77266.5,77280.7,77254.0,77265.9,7.699
2026-08-23 11:45:00+00:00,77265.9,77300.9,77237.2,77273.3,18.349
2026-08-23 11:46:00+00:00,77273.3,77286.3,77242.2,77242.2,9.719
2026-08-23 11:47:00+00:00,77242.2,77260.0,77200.0,77200.0,41.044
2026-08-23 11:48:00+00:00,77200.0,77228.6,77176.0,77210.6,61.06
2026-08-23 11:49:00+00:00,77210.6,77210.6,77165.2,77195.2,6.568
2026-08-23 11:50:00+00:00,77195.2,77199.5,77174.7,77199.5,10.343
2026-08-23 11:51:00+00:00,77199.5,77211.9,77171.1,77182.9,38.64
2026-08-23 11:52:00+00:00,77182.9,77248.6,77182.9,77248.6,29.742
2026-08-23 11:53:00+00:00,77248.6,77342.0,77241.2,77336.8,71.046
2026-08-23 11:54:00+00:00,77336.8,77378.0,77317.8,77339.5,34.33
2026-08-23 11:55:00+00:00,77339.5,77350.9,77302.0,77302.0,35.041
2026-08-23 11:56:00+00:00,77302.0,77313.2,77297.5,77298.2,10.611
2026-08-23 11:57:00+00:00,77298.2,77301.0,77282.3,77282.3,15.11
2026-08-23 11:58:00+00:00,77282.3,77314.7,77282.3,77294.1,13.745
2026-08-23 11:59:00+00:00,77294.1,77304.6,77281.2,77292.2,10.883
2026-08-23 12:00:00+00:00,77292.2,77300.0,77268.9,77289.1,12.043
2026-08-23 12:01:00+00:00,77289.1,77295.1,77225.9,77225.9,23.063
2026-08-23 12:02:00+00:00,77225.9,77247.2,77205.0,77237.2,30.082
2026-08-23 12:03:00+00:00,77237.2,77237.2,77176.7,77199.9,28.088
2026-08-23 12:04:00+00:00,77199.9,77200.0,77154.2,77178.6,54.475
2026-08-23 12:05:00+00:00,77178.6,77195.6,77151.3,77170.1,21.343
2026-08-23 12:06:00+00:00,77170.1,77170.1,77062.6,77096.9,141.929
2026-08-23 12:07:00+00:00,77096.9,77126.8,77052.7,77126.8,71.907
2026-08-23 12:08:00+00:00,77126.8,77177.3,77109.4,77150.0,26.202
2026-08-23 12:09:00+00:00,77150.0,77153.9,77120.0,77127.5,20.93
2026-08-23 12:10:00+00:00,77127.5,77130.0,77068.8,77071.7,24.068
2026-08-23 12:11:00+00:00,77071.7,77076.0,76965.6,77037.5,102.034
2026-08-23 12:12:00+00:00,77037.5,77058.7,77007.6,77037.9,63.843
2026-08-23 12:13:00+00:00,77037.9,77060.9,77033.3,77055.4,17.832
2026-08-23 12:14:00+00:00,77055.4,77090.0,77049.0,77068.0,14.303
2026-08-23 12:15:00+00:00,77068.0,77070.6,77040.0,77040.0,7.022
2026-08-23 12:16:00+00:00,77040.0,77069.0,77040.0,77069.0,12.853
2026-08-23 12:17:00+00:00,77069.0,77095.0,77065.9,77085.4,9.406
2026-08-23 12:18:00+00:00,77085.4,77090.9,77056.1,77086.5,5.103
2026-08-23 12:19:00+00:00,77086.5,77096.7,77079.3,77087.7,11.39
2026-08-23 12:20:00+00:00,77087.7,77100.0,77083.1,77083.1,5.492
2026-08-23 12:21:00+00:00,77083.1,77109.6,77083.0,77109.6,6.348
2026-08-23 12:22:00+00:00,77109.6,77121.0,77097.6,77097.6,5.484
2026-08-23 12:23:00+00:00,77097.6,77124.2,77097.6,77124.1,4.706
2026-08-23 12:24:00+00:00,77124.1,77124.2,77100.0,77100.0,2.703
2026-08-23 12:25:00+00:00,77100.0,77110.1,77061.0,77061.0,10.518
2026-08-23 12:26:00+00:00,77061.0,77077.3,77019.3,77025.0,14.878
2026-08-23 12:27:00+00:00,77025.0,77026.6,77009.0,77013.7,9.301
2026-08-23 12:28:00+00:00,77013.7,77050.0,77013.5,77049.9,8.411
2026-08-23 12:29:00+00:00,77049.9,77050.0,77033.8,77041.7,3.624
2026-08-23 12:30:00+00:00,77041.7,77053.6,77041.6,77049.5,3.163
2026-08-23 12:31:00+00:00,77049.5,77058.3,77049.4,77056.2,6.803
2026-08-23 12:32:00+00:00,77056.2,77077.3,77056.1,77066.0,3.452
2026-08-23 12:33:00+00:00,77066.0,77087.5,77047.4,77075.3,16.051
2026-08-23 12:34:00+00:00,77075.3,77085.5,77056.8,77077.4,5.305
2026-08-23 12:35:00+00:00,77077.4,77077.4,77056.9,77061.6,4.414
2026-08-23 12:36:00+00:00,77061.6,77065.8,77037.2,77058.6,4.568
2026-08-23 12:37:00+00:00,77058.6,77063.1,77041.2,77055.9,2.914
2026-08-23 12:38:00+00:00,77055.9,77067.3,77041.2,77055.0,3.447
2026-08-23 12:39:00+00:00,77055.0,77135.0,77055.0,77135.0,14.095
2026-08-23 12:40:00+00:00,77135.0,77172.2,77129.0,77157.6,45.895
2026-08-23 12:41:00+00:00,77157.6,77200.0,77150.7,77200.0,31.825
2026-08-23 12:42:00+00:00,77200.0,77200.0,77160.7,77166.9,11.509
2026-08-23 12:43:00+00:00,77166.9,77254.4,77166.9,77230.8,125.894
2026-08-23 12:44:00+00:00,77230.8,77234.9,77221.0,77231.6,12.77
2026-08-23 12:45:00+00:00,77231.6,77231.6,77210.0,77210.3,19.08
2026-08-23 12:46:00+00:00,77210.3,77254.5,77190.5,77254.5,33.929
2026-08-23 12:47:00+00:00,77254.5,77254.5,77216.8,77216.9,24.291
2026-08-23 12:48:00+00:00,77216.9,77216.9,77181.3,77189.5,19.365
2026-08-23 12:49:00+00:00,77189.5,77198.7,77182.0,77196.7,12.306
2026-08-23 12:50:00+00:00,77196.7,77207.4,77196.6,77205.0,3.347
2026-08-23 12:51:00+00:00,77205.0,77205.0,77196.0,77203.6,4.301
2026-08-23 12:52:00+00:00,77203.6,77203.6,77187.9,77187.9,2.335
2026-08-23 12:53:00+00:00,77187.9,77193.8,77166.3,77176.8,3.148
2026-08-23 12:54:00+00:00,77176.8,77176.8,77147.5,77152.0,6.993
2026-08-23 12:55:00+00:00,77152.0,77199.0,77152.0,77199.0,14.781
2026-08-23 12:56:00+00:00,77199.0,77218.9,77198.9,77209.3,11.558
2026-08-23 12:57:00+00:00,77209.3,77216.0,77202.1,77202.1,6.586
2026-08-23 12:58:00+00:00,77202.1,77204.8,77202.1,77204.7,2.617
2026-08-23 12:59:00+00:00,77204.7,77211.8,77193.7,77193.8,1.993
2026-08-23 13:00:00+00:00,77193.8,77206.2,77193.7,77204.8,5.947
2026-08-23 13:01:00+00:00,77204.8,77219.5,77204.7,77213.3,2.887
2026-08-23 13:02:00+00:00,77213.3,77227.1,77212.4,77212.4,8.508
2026-08-23 13:03:00+00:00,77212.4,77214.3,77204.5,77214.2,2.912
2026-08-23 13:04:00+00:00,77214.2,77214.3,77197.1,77198.9,4.065
2026-08-23 13:05:00+00:00,77198.9,77215.4,77193.8,77207.3,15.377
2026-08-23 13:06:00+00:00,77207.3,77213.2,77202.4,77205.6,2.96
2026-08-23 13:07:00+00:00,77205.6,77205.7,77190.9,77200.1,3.857
2026-08-23 13:08:00+00:00,77200.1,77200.1,77177.1,77187.8,6.43
2026-08-23 13:09:00+00:00,77187.8,77238.6,77187.8,77238.6,8.184
2026-08-23 13:10:00+00:00,77238.6,77287.1,77238.6,77267.7,33.547
2026-08-23 13:11:00+00:00,77267.7,77327.3,77267.7,77320.8,36.575
2026-08-23 13:12:00+00:00,77320.8,77330.0,77313.6,77327.4,12.768
2026-08-23 13:13:00+00:00,77327.4,77340.2,77317.1,77322.4,18.011
2026-08-23 13:14:00+00:00,77322.4,77334.9,77322.3,77322.8,8.028
2026-08-23 13:15:00+00:00,77322.8,77337.6,77322.8,77331.2,10.604
2026-08-23 13:16:00+00:00,77331.2,77338.3,77322.8,77334.3,13.362
2026-08-23 13:17:00+00:00,77334.3,77468.5,77331.7,77396.2,275.781
2026-08-23 13:18:00+00:00,77396.2,77536.6,77391.6,77459.6,326.343
2026-08-23 13:19:00+00:00,77459.6,77803.9,77459.6,77633.0,916.15
2026-08-23 13:20:00+00:00,77633.0,77670.6,77518.3,77531.9,224.334
2026-08-23 13:21:00+00:00,77531.9,77535.6,77382.3,77459.9,195.796
2026-08-23 13:22:00+00:00,77459.9,77522.1,77430.6,77522.0,266.885
2026-08-23 13:23:00+00:00,77522.0,77600.1,77503.1,77519.5,71.179
2026-08-23 13:24:00+00:00,77519.5,77627.8,77514.2,77618.9,69.165
2026-08-23 13:25:00+00:00,77618.9,77619.0,77491.1,77491.1,52.299
2026-08-23 13:26:00+00:00,77491.1,77548.8,77491.1,77521.8,30.611
2026-08-23 13:27:00+00:00,77521.8,77543.3,77505.2,77519.5,25.521
2026-08-23 13:28:00+00:00,77519.5,77520.0,77472.5,77472.6,24.101
2026-08-23 13:29:00+00:00,77472.6,77472.6,77410.0,77424.7,64.09
2026-08-23 13:30:00+00:00,77424.7,77429.6,77365.6,77389.9,43.533
2026-08-23 13:31:00+00:00,77389.9,77486.4,77350.0,77433.9,43.648
2026-08-23 13:32:00+00:00,77433.9,77487.1,77395.1,77399.4,31.226
2026-08-23 13:33:00+00:00,77399.4,77415.9,77353.1,77407.5,29.679
2026-08-23 13:34:00+00:00,77407.5,77407.5,77372.5,77375.7,21.36
2026-08-23 13:35:00+00:00,77375.7,77380.0,77325.9,77351.0,31.394
2026-08-23 13:36:00+00:00,77351.0,77474.0,77351.0,77457.2,34.01
2026-08-23 13:37:00+00:00,77457.2,77492.8,77440.6,77485.7,12.41
2026-08-23 13:38:00+00:00,77485.7,77509.8,77463.0,77500.5,31.516
2026-08-23 13:39:00+00:00,77500.5,77593.8,77498.9,77563.2,55.507
2026-08-23 13:40:00+00:00,77563.2,77633.2,77539.0,77553.2,96.82
2026-08-23 13:41:00+00:00,77553.2,77553.3,77500.0,77500.0,21.625
2026-08-23 13:42:00+00:00,77500.0,77511.6,77481.3,77486.3,14.676
2026-08-23 13:43:00+00:00,77486.3,77498.4,77464.0,77482.4,25.626
2026-08-23 13:44:00+00:00,77482.4,77510.0,77478.0,77506.6,8.7
2026-08-23 13:45:00+00:00,77506.6,77516.3,77386.7,77446.1,34.364
2026-08-23 13:46:00+00:00,77446.1,77496.7,77421.8,77496.6,13.676
2026-08-23 13:47:00+00:00,77496.6,77554.7,77491.9,77542.7,34.349
2026-08-23 13:48:00+00:00,77542.7,77547.9,77503.3,77513.9,16.047
2026-08-23 13:49:00+00:00,77513.9,77513.9,77442.5,77455.7,21.385
2026-08-23 13:50:00+00:00,77455.7,77475.0,77441.6,77441.6,12.816
2026-08-23 13:51:00+00:00,77441.6,77451.7,77377.5,77377.6,32.407
2026-08-23 13:52:00+00:00,77377.6,77426.1,77363.6,77371.6,57.653
2026-08-23 13:53:00+00:00,77371.6,77432.3,77361.0,77417.5,17.777
2026-08-23 13:54:00+00:00,77417.5,77495.7,77408.7,77485.7,40.841
2026-08-23 13:55:00+00:00,77485.7,77486.5,77444.0,77461.8,23.228
2026-08-23 13:56:00+00:00,77461.8,77472.2,77436.9,77439.4,13.213
2026-08-23 13:57:00+00:00,77439.4,77455.6,77428.2,77439.9,17.216
2026-08-23 13:58:00+00:00,77439.9,77467.2,77423.7,77453.3,17.274
2026-08-23 13:59:00+00:00,77453.3,77475.0,77440.1,77474.9,7.786
2026-08-23 14:00:00+00:00,77474.9,77504.3,77471.8,77504.3,17.337
2026-08-23 14:01:00+00:00,77504.3,77557.6,77501.0,77553.5,60.283
2026-08-23 14:02:00+00:00,77553.5,77600.0,77547.8,77569.0,125.171
2026-08-23 14:03:00+00:00,77569.0,77581.0,77527.6,77527.6,15.111
2026-08-23 14:04:00+00:00,77527.6,77563.5,77504.8,77534.8,15.194
2026-08-23 14:05:00+00:00,77534.8,77558.9,77456.5,77456.6,21.768
2026-08-23 14:06:00+00:00,77456.6,77472.8,77320.1,77370.6,364.157
2026-08-23 14:07:00+00:00,77370.6,77385.0,77282.2,77329.9,78.316
2026-08-23 14:08:00+00:00,77329.9,77415.7,77311.5,77412.6,23.452
2026-08-23 14:09:00+00:00,77412.6,77425.0,77386.7,77401.4,18.663
2026-08-23 14:10:00+00:00,77401.4,77465.7,77401.4,77465.7,11.683
2026-08-23 14:11:00+00:00,77465.7,77517.7,77465.6,77466.0,34.255
2026-08-23 14:12:00+00:00,77466.0,77510.0,77466.0,77504.9,18.738
2026-08-23 14:13:00+00:00,77504.9,77568.5,77492.6,77568.5,27.994
2026-08-23 14:14:00+00:00,77568.5,77574.2,77520.6,77537.2,35.845
2026-08-23 14:15:00+00:00,77537.2,77594.0,77537.1,77588.5,20.544
2026-08-23 14:16:00+00:00,77588.5,77634.6,77584.1,77605.9,37.42
2026-08-23 14:17:00+00:00,77605.9,77606.0,77555.0,77560.6,23.426
2026-08-23 14:18:00+00:00,77560.6,77573.4,77485.0,77488.0,40.617
2026-08-23 14:19:00+00:00,77488.0,77511.2,77449.0,77459.8,23.874
2026-08-23 14:20:00+00:00,77459.8,77491.0,77459.8,77474.3,11.599
2026-08-23 14:21:00+00:00,77474.3,77487.1,77461.5,77476.5,8.302
2026-08-23 14:22:00+00:00,77476.5,77477.1,77422.0,77422.0,14.703
2026-08-23 14:23:00+00:00,77422.0,77444.7,77400.0,77418.5,38.3
2026-08-23 14:24:00+00:00,77418.5,77440.2,77394.2,77411.9,12.186
2026-08-23 14:25:00+00:00,77411.9,77468.1,77391.4,77441.9,28.848
2026-08-23 14:26:00+00:00,77441.9,77481.6,77441.9,77460.5,14.508
2026-08-23 14:27:00+00:00,77460.5,77478.0,77454.0,77458.4,4.272
2026-08-23 14:28:00+00:00,77458.4,77482.1,77458.3,77477.2,2.854
2026-08-23 14:29:00+00:00,77477.2,77477.2,77414.0,77436.5,17.962
2026-08-23 14:30:00+00:00,77436.5,77455.7,77393.7,77420.2,22.647
2026-08-23 14:31:00+00:00,77420.2,77451.8,77414.8,77438.1,8.206
2026-08-23 14:32:00+00:00,77438.1,77438.1,77393.2,77394.7,17.529
2026-08-23 14:33:00+00:00,77394.7,77430.6,77394.7,77430.6,13.219
2026-08-23 14:34:00+00:00,77430.6,77430.6,77402.3,77402.3,7.496
2026-08-23 14:35:00+00:00,77402.3,77435.1,77402.3,77424.9,8.373
2026-08-23 14:36:00+00:00,77424.9,77427.2,77409.6,77409.6,13.547
2026-08-23 14:37:00+00:00,77409.6,77440.6,77393.7,77440.5,6.2
2026-08-23 14:38:00+00:00,77440.5,77471.7,77428.9,77450.1,10.709
2026-08-23 14:39:00+00:00,77450.1,77460.6,77406.6,77421.2,12.664
2026-08-23 14:40:00+00:00,77421.2,77454.1,77417.8,77435.3,32.802
2026-08-23 14:41:00+00:00,77435.3,77447.9,77378.2,77386.6,19.164
2026-08-23 14:42:00+00:00,77386.6,77396.9,76698.3,76829.1,1457.674
2026-08-23 14:43:00+00:00,76829.1,77056.6,76755.4,77056.6,399.348
2026-08-23 14:44:00+00:00,77056.6,77085.0,76969.8,76991.2,184.644
2026-08-23 14:45:00+00:00,76991.2,77164.0,76991.2,77007.5,257.262
2026-08-23 14:46:00+00:00,77007.5,77093.0,77005.9,77032.2,51.893
2026-08-23 14:47:00+00:00,77032.2,77124.0,77032.2,77084.7,109.466
2026-08-23 14:48:00+00:00,77084.7,77156.1,77079.5,77138.3,72.495
2026-08-23 14:49:00+00:00,77138.3,77197.0,77129.9,77186.4,108.729
2026-08-23 14:50:00+00:00,77186.4,77234.0,77164.0,77233.9,87.624
2026-08-23 14:51:00+00:00,77233.9,77253.6,77154.6,77173.4,129.227
2026-08-23 14:52:00+00:00,77173.4,77207.3,77166.0,77181.5,33.118
2026-08-23 14:53:00+00:00,77181.5,77197.0,77152.0,77174.8,31.109
2026-08-23 14:54:00+00:00,77174.8,77301.4,77152.4,77248.8,102.972
2026-08-23 14:55:00+00:00,77248.8,77249.5,77122.1,77171.2,40.874
2026-08-23 14:56:00+00:00,77171.2,77216.7,77161.2,77161.2,18.811
2026-08-23 14:57:00+00:00,77161.2,77184.8,77114.1,77184.1,64.185
2026-08-23 14:58:00+00:00,77184.1,77184.8,77132.9,77153.4,19.751
2026-08-23 14:59:00+00:00,77153.4,77177.4,77137.5,77172.6,51.649
2026-08-23 15:00:00+00:00,77172.6,77204.5,77056.6,77120.3,81.06
2026-08-23 15:01:00+00:00,77120.3,77262.2,77107.8,77248.1,74.059
2026-08-23 15:02:00+00:00,77248.1,77281.1,77132.6,77177.1,60.582
2026-08-23 15:03:00+00:00,77177.1,77228.0,77150.1,77188.0,12.835
2026-08-23 15:04:00+00:00,77188.0,77248.5,77187.9,77244.4,14.157
2026-08-23 15:05:00+00:00,77244.4,77321.7,77233.0,77311.1,32.446
2026-08-23 15:06:00+00:00,77311.1,77322.8,77269.0,77283.5,27.277
2026-08-23 15:07:00+00:00,77283.5,77314.0,77258.6,77290.5,15.941
2026-08-23 15:08:00+00:00,77290.5,77290.5,77235.0,77242.5,15.508
2026-08-23 15:09:00+00:00,77242.5,77283.4,77213.0,77283.4,10.526
2026-08-23 15:10:00+00:00,77283.4,77297.0,77269.2,77282.0,50.833
2026-08-23 15:11:00+00:00,77282.0,77282.1,77214.2,77214.2,16.376
2026-08-23 15:12:00+00:00,77214.2,77240.0,77205.5,77216.4,21.426
2026-08-23 15:13:00+00:00,77216.4,77216.4,77159.8,77174.8,20.645
2026-08-23 15:14:00+00:00,77174.8,77175.0,77137.9,77139.8,19.786
2026-08-23 15:15:00+00:00,77139.8,77155.0,77103.1,77130.3,34.925
2026-08-23 15:16:00+00:00,77130.3,77136.0,77030.5,77091.1,46.076
2026-08-23 15:17:00+00:00,77091.1,77123.9,77076.3,77094.7,17.044
2026-08-23 15:18:00+00:00,77094.7,77100.5,77050.0,77078.8,25.023
2026-08-23 15:19:00+00:00,77078.8,77078.8,76854.4,77001.3,363.166
2026-08-23 15:20:00+00:00,77001.3,77079.2,76966.6,77059.7,95.737
2026-08-23 15:21:00+00:00,77059.7,77155.4,77056.2,77142.7,173.322
2026-08-23 15:22:00+00:00,77142.7,77242.4,77128.6,77200.4,146.337
2026-08-23 15:23:00+00:00,77200.4,77222.6,77130.8,77147.0,66.547
2026-08-23 15:24:00+00:00,77147.0,77211.5,77146.9,77196.5,29.4
2026-08-23 15:25:00+00:00,77196.5,77216.6,77184.9,77202.7,20.048
2026-08-23 15:26:00+00:00,77202.7,77204.9,77174.1,77201.0,10.39
2026-08-23 15:27:00+00:00,77201.0,77202.7,77180.1,77182.9,6.25
2026-08-23 15:28:00+00:00,77182.9,77184.8,77161.3,77162.0,6.558
2026-08-23 15:29:00+00:00,77162.0,77180.8,77162.0,77177.0,3.655
2026-08-23 15:30:00+00:00,77177.0,77211.6,77177.0,77206.2,5.993
2026-08-23 15:31:00+00:00,77206.1,77230.0,77206.1,77230.0,5.7
2026-08-23 15:32:00+00:00,77231.9,77242.5,77139.7,77145.1,23.444
2026-08-23 15:33:00+00:00,77145.1,77153.4,77113.2,77113.2,26.439
2026-08-23 15:34:00+00:00,77113.2,77154.0,77113.0,77145.8,5.84
2026-08-23 15:35:00+00:00,77145.8,77200.0,77145.8,77195.5,9.842
2026-08-23 15:36:00+00:00,77187.7,77191.4,77187.7,77191.0,1.261
2026-08-23 15:37:00+00:00,77174.8,77196.2,77172.2,77196.2,7.602
2026-08-23 15:38:00+00:00,77196.2,77236.3,77187.1,77236.3,14.356
2026-08-23 15:39:00+00:00,77236.3,77250.0,77226.4,77249.9,6.779
2026-08-23 15:40:00+00:00,77249.9,77259.3,77232.9,77246.0,31.67
2026-08-23 15:41:00+00:00,77246.0,77257.4,77235.3,77254.9,13.596
2026-08-23 15:42:00+00:00,77254.9,77259.3,77245.7,77247.4,10.012
2026-08-23 15:43:00+00:00,77247.4,77303.9,77247.4,77286.0,43.161
2026-08-23 15:44:00+00:00,77286.0,77305.9,77250.0,77250.1,8.99
2026-08-23 15:45:00+00:00,77250.1,77250.1,77183.0,77184.9,19.422
2026-08-23 15:46:00+00:00,77184.9,77237.8,77178.9,77188.9,14.717
2026-08-23 15:47:00+00:00,77188.9,77223.3,77188.8,77199.8,6.026
2026-08-23 15:48:00+00:00,77199.8,77203.4,77173.6,77198.3,13.015
2026-08-23 15:49:00+00:00,77198.3,77206.5,77175.2,77175.3,14.405
2026-08-23 15:50:00+00:00,77175.3,77175.3,77160.3,77160.3,11.999
2026-08-23 15:51:00+00:00,77160.3,77188.0,77160.3,77186.6,6.442
2026-08-23 15:52:00+00:00,77186.6,77197.4,77154.1,77163.5,25.726
2026-08-23 15:53:00+00:00,77163.5,77183.7,77153.6,77153.6,5.779
2026-08-23 15:54:00+00:00,77153.6,77169.0,77143.7,77157.8,9.96
2026-08-23 15:55:00+00:00,77157.8,77157.9,77140.5,77140.5,7.699
2026-08-23 15:56:00+00:00,77140.5,77192.5,77140.0,77188.0,14.342
2026-08-23 15:57:00+00:00,77188.0,77188.3,77122.0,77127.9,10.928
2026-08-23 15:58:00+00:00,77127.9,77140.3,77096.4,77103.0,56.882
2026-08-23 15:59:00+00:00,77103.0,77150.0,77103.0,77128.1,20.478
2026-08-23 16:00:00+00:00,77128.1,77180.8,77128.1,77164.3,10.121
2026-08-23 16:01:00+00:00,77164.3,77193.1,77164.2,77191.3,11.596
2026-08-23 16:02:00+00:00,77191.3,77200.0,77174.3,77200.0,11.104
2026-08-23 16:03:00+00:00,77200.0,77281.2,77199.9,77234.0,52.513
2026-08-23 16:04:00+00:00,77234.0,77252.9,77229.4,77236.0,9.264
2026-08-23 16:05:00+00:00,77236.0,77237.3,77210.8,77230.2,5.286
2026-08-23 16:06:00+00:00,77230.2,77236.2,77208.8,77209.5,5.33
2026-08-23 16:07:00+00:00,77209.5,77209.5,77187.7,77203.4,4.738
2026-08-23 16:08:00+00:00,77203.4,77223.7,77203.4,77219.7,3.31
2026-08-23 16:09:00+00:00,77219.7,77219.8,77182.0,77182.1,8.1
2026-08-23 16:10:00+00:00,77182.1,77227.5,77176.1,77227.5,9.418
2026-08-23 16:11:00+00:00,77227.5,77258.0,77227.4,77249.5,10.702
2026-08-23 16:12:00+00:00,77249.5,77264.0,77213.3,77240.3,3.794
2026-08-23 16:13:00+00:00,77240.3,77257.8,77222.4,77252.1,2.848
2026-08-23 16:14:00+00:00,77252.1,77252.2,77240.9,77247.7,2.87
2026-08-23 16:15:00+00:00,77247.7,77253.2,77217.6,77223.0,18.377
2026-08-23 16:16:00+00:00,77223.0,77300.0,77222.9,77269.3,17.7
2026-08-23 16:17:00+00:00,77269.3,77288.9,77231.3,77238.1,4.155
2026-08-23 16:18:00+00:00,77238.1,77238.7,77213.2,77213.2,2.436
2026-08-23 16:19:00+00:00,77213.2,77266.6,77209.0,77209.0,17.316
2026-08-23 16:20:00+00:00,77209.0,77258.1,77186.6,77253.9,24.707
2026-08-23 16:21:00+00:00,77253.9,77257.8,77235.0,77253.3,4.747
2026-08-23 16:22:00+00:00,77253.3,77253.4,77233.4,77233.4,3.403
2026-08-23 16:23:00+00:00,77233.4,77254.5,77230.2,77250.3,4.575
2026-08-23 16:24:00+00:00,77250.3,77258.0,77240.8,77247.9,4.774
2026-08-23 16:25:00+00:00,77247.9,77297.6,77241.2,77292.6,15.855
2026-08-23 16:26:00+00:00,77292.6,77294.9,77268.1,77277.5,5.412
2026-08-23 16:27:00+00:00,77277.5,77298.0,77266.4,77288.3,10.912
2026-08-23 16:28:00+00:00,77288.3,77294.0,77282.3,77291.9,2.718
2026-08-23 16:29:00+00:00,77291.9,77316.1,77284.0,77302.1,13.917
2026-08-23 16:30:00+00:00,77302.1,77310.0,77290.1,77291.9,4.764
2026-08-23 16:31:00+00:00,77291.9,77322.4,77289.3,77313.3,16.528
2026-08-23 16:32:00+00:00,77313.3,77378.0,77313.3,77357.9,35.239
2026-08-23 16:33:00+00:00,77357.9,77427.6,77326.5,77326.5,55.089
2026-08-23 16:34:00+00:00,77326.5,77403.4,77326.5,77393.0,17.621
2026-08-23 16:35:00+00:00,77393.0,77405.0,77391.7,77393.8,7.577
2026-08-23 16:36:00+00:00,77393.8,77393.9,77350.1,77372.6,18.764
2026-08-23 16:37:00+00:00,77372.6,77372.6,77303.0,77321.5,26.302
2026-08-23 16:38:00+00:00,77321.5,77356.6,77321.5,77351.0,13.894
2026-08-23 16:39:00+00:00,77351.0,77372.0,77344.0,77371.9,4.945
2026-08-23 16:40:00+00:00,77371.9,77372.0,77358.1,77360.1,3.985
2026-08-23 16:41:00+00:00,77360.1,77372.0,77345.0,77372.0,10.713
2026-08-23 16:42:00+00:00,77372.0,77404.9,77371.9,77404.9,7.02
2026-08-23 16:43:00+00:00,77404.9,77426.2,77391.2,77391.2,25.477
2026-08-23 16:44:00+00:00,77391.2,77391.2,77364.0,77364.0,7.922
2026-08-23 16:45:00+00:00,77364.0,77385.6,77323.7,77380.2,10.625
2026-08-23 16:46:00+00:00,77380.2,77396.6,77368.1,77396.5,4.933
2026-08-23 16:47:00+00:00,77396.5,77400.3,77366.6,77392.1,12.484
2026-08-23 16:48:00+00:00,77392.1,77392.1,77355.2,77370.5,10.763
2026-08-23 16:49:00+00:00,77370.5,77379.8,77353.7,77353.7,4.86
2026-08-23 16:50:00+00:00,77353.7,77378.0,77353.7,77372.9,4.208
2026-08-23 16:51:00+00:00,77372.9,77464.4,77372.9,77422.4,47.256
2026-08-23 16:52:00+00:00,77422.4,77453.5,77394.6,77394.6,21.02
2026-08-23 16:53:00+00:00,77394.6,77411.7,77392.5,77392.5,3.912
2026-08-23 16:54:00+00:00,77392.5,77392.5,77373.3,77373.3,3.443
2026-08-23 16:55:00+00:00,77373.3,77400.9,77373.3,77388.2,6.168
2026-08-23 16:56:00+00:00,77388.2,77403.5,77388.2,77396.5,4.621
2026-08-23 16:57:00+00:00,77396.5,77420.0,77396.1,77420.0,6.298
2026-08-23 16:58:00+00:00,77420.0,77441.4,77405.8,77411.5,13.786
2026-08-23 16:59:00+00:00,77411.5,77415.4,77396.4,77396.4,4.5
2026-08-23 17:00:00+00:00,77396.4,77426.4,77396.1,77420.9,13.846
2026-08-23 17:01:00+00:00,77420.9,77421.0,77340.8,77351.1,20.531
2026-08-23 17:02:00+00:00,77351.1,77353.7,77274.0,77274.0,43.567
2026-08-23 17:03:00+00:00,77274.0,77274.1,77112.3,77170.6,275.528
2026-08-23 17:04:00+00:00,77170.6,77218.9,77143.9,77189.5,41.714
2026-08-23 17:05:00+00:00,77189.5,77288.0,77189.4,77286.0,110.523
2026-08-23 17:06:00+00:00,77286.0,77308.7,77262.9,77308.6,32.027
2026-08-23 17:07:00+00:00,77308.6,77342.1,77250.6,77250.6,39.431
2026-08-23 17:08:00+00:00,77250.6,77307.2,77242.1,77300.0,59.075
2026-08-23 17:09:00+00:00,77300.0,77318.1,77300.0,77318.1,9.273
2026-08-23 17:10:00+00:00,77318.1,77318.1,77256.0,77260.9,11.909
2026-08-23 17:11:00+00:00,77260.9,77281.1,77250.0,77267.7,6.025
2026-08-23 17:12:00+00:00,77267.7,77304.2,77254.1,77289.2,12.081
2026-08-23 17:13:00+00:00,77289.2,77305.5,77287.1,77287.2,4.8
2026-08-23 17:14:00+00:00,77287.2,77288.9,77254.1,77260.8,13.899
2026-08-23 17:15:00+00:00,77260.8,77272.4,77163.3,77186.4,34.077
2026-08-23 17:16:00+00:00,77186.4,77224.5,77184.0,77211.6,16.935
2026-08-23 17:17:00+00:00,77211.6,77297.1,77200.2,77289.8,20.416
2026-08-23 17:18:00+00:00,77289.8,77346.8,77250.2,77344.7,31.652
2026-08-23 17:19:00+00:00,77344.7,77355.0,77324.0,77354.9,7.604
2026-08-23 17:20:00+00:00,77354.9,77355.0,77332.7,77344.7,13.582
2026-08-23 17:21:00+00:00,77344.7,77349.2,77310.8,77314.0,29.867
2026-08-23 17:22:00+00:00,77314.0,77354.4,77314.0,77350.6,6.841
2026-08-23 17:23:00+00:00,77350.6,77368.0,77329.3,77329.3,7.42
2026-08-23 17:24:00+00:00,77329.3,77329.3,77274.0,77274.1,15.539
2026-08-23 17:25:00+00:00,77274.1,77287.9,77262.1,77273.5,14.869
2026-08-23 17:26:00+00:00,77273.5,77274.2,77256.0,77256.1,8.911
2026-08-23 17:27:00+00:00,77256.1,77257.8,77223.5,77225.6,20.946
2026-08-23 17:28:00+00:00,77225.6,77237.4,77196.5,77210.8,31.052
2026-08-23 17:29:00+00:00,77210.8,77238.0,77210.8,77238.0,5.57
2026-08-23 17:30:00+00:00,77238.0,77238.1,77211.0,77221.2,9.56
2026-08-23 17:31:00+00:00,77221.2,77221.2,77132.1,77139.9,30.791
2026-08-23 17:32:00+00:00,77139.9,77219.4,77122.7,77219.4,19.198
2026-08-23 17:33:00+00:00,77219.4,77232.0,77200.2,77204.3,10.971
2026-08-23 17:34:00+00:00,77204.3,77240.0,77204.3,77240.0,14.36
2026-08-23 17:35:00+00:00,77240.0,77248.0,77238.1,77248.0,4.913
2026-08-23 17:36:00+00:00,77248.0,77252.0,77244.8,77244.9,6.366
2026-08-23 17:37:00+00:00,77244.9,77299.9,77244.8,77268.9,17.936
2026-08-23 17:38:00+00:00,77268.9,77273.4,77258.0,77262.8,3.24
2026-08-23 17:39:00+00:00,77262.8,77272.9,77219.6,77230.0,13.665
2026-08-23 17:40:00+00:00,77230.0,77241.3,77226.0,77226.0,7.441
2026-08-23 17:41:00+00:00,77226.0,77230.0,77216.0,77216.0,11.473
2026-08-23 17:42:00+00:00,77216.0,77230.0,77166.9,77229.9,181.565
2026-08-23 17:43:00+00:00,77229.9,77249.8,77219.4,77245.5,19.445
2026-08-23 17:44:00+00:00,77245.5,77252.5,77212.6,77222.4,10.833
2026-08-23 17:45:00+00:00,77222.4,77306.8,77215.3,77295.8,58.401
2026-08-23 17:46:00+00:00,77295.8,77320.1,77264.4,77264.5,87.576
2026-08-23 17:47:00+00:00,77264.5,77277.9,77214.2,77214.2,14.88
2026-08-23 17:48:00+00:00,77214.2,77235.1,77200.0,77225.0,22.297
2026-08-23 17:49:00+00:00,77225.0,77235.6,77224.9,77225.5,1.733
2026-08-23 17:50:00+00:00,77225.5,77229.1,77208.2,77216.1,2.629
2026-08-23 17:51:00+00:00,77216.1,77239.4,77216.0,77222.2,2.761
2026-08-23 17:52:00+00:00,77222.2,77240.6,77222.0,77238.0,9.766
2026-08-23 17:53:00+00:00,77238.0,77266.6,77231.7,77253.3,8.513
2026-08-23 17:54:00+00:00,77253.3,77266.0,77214.0,77216.7,19.133
2026-08-23 17:55:00+00:00,77216.7,77223.0,77178.0,77181.9,7.929
2026-08-23 17:56:00+00:00,77181.9,77203.4,77180.3,77193.8,6.126
2026-08-23 17:57:00+00:00,77193.8,77197.2,77181.6,77184.4,4.189
2026-08-23 17:58:00+00:00,77184.4,77203.2,77184.4,77203.2,6.012
2026-08-23 17:59:00+00:00,77203.2,77203.2,77162.6,77162.6,6.242
2026-08-23 18:00:00+00:00,77162.6,77183.2,77144.0,77172.8,26.723
2026-08-23 18:01:00+00:00,77172.8,77182.7,77144.0,77182.6,12.209
2026-08-23 18:02:00+00:00,77182.6,77197.6,77157.8,77173.6,5.854
2026-08-23 18:03:00+00:00,77173.6,77180.0,77153.6,77154.0,4.793
2026-08-23 18:04:00+00:00,77154.0,77180.8,77151.6,77160.1,8.817
2026-08-23 18:05:00+00:00,77160.1,77160.2,77130.0,77142.4,17.209
2026-08-23 18:06:00+00:00,77142.4,77158.6,77076.0,77143.8,84.671
2026-08-23 18:07:00+00:00,77143.8,77150.2,77078.4,77089.5,137.808
2026-08-23 18:08:00+00:00,77089.5,77137.7,77074.1,77137.6,31.856
2026-08-23 18:09:00+00:00,77137.6,77201.8,77137.6,77201.8,17.948
2026-08-23 18:10:00+00:00,77201.8,77231.0,77200.8,77228.4,53.351
2026-08-23 18:11:00+00:00,77228.4,77301.5,77228.4,77255.4,166.398
2026-08-23 18:12:00+00:00,77255.4,77383.8,77255.4,77379.7,66.503
2026-08-23 18:13:00+00:00,77379.7,77388.3,77328.5,77331.9,18.645
2026-08-23 18:14:00+00:00,77331.9,77346.0,77307.1,77315.7,20.74
2026-08-23 18:15:00+00:00,77315.7,77375.6,77315.5,77370.1,11.012
2026-08-23 18:16:00+00:00,77370.1,77384.1,77306.1,77328.2,12.526
2026-08-23 18:17:00+00:00,77328.2,77364.0,77319.8,77328.4,21.572
2026-08-23 18:18:00+00:00,77328.4,77333.0,77307.8,77320.0,5.753
2026-08-23 18:19:00+00:00,77320.0,77320.0,77295.0,77295.1,5.138
2026-08-23 18:20:00+00:00,77295.1,77316.4,77274.0,77304.3,14.725
2026-08-23 18:21:00+00:00,77304.3,77312.3,77295.0,77304.8,5.8
2026-08-23 18:22:00+00:00,77304.8,77305.8,77275.1,77275.1,4.955
2026-08-23 18:23:00+00:00,77275.1,77325.7,77223.6,77302.6,283.936
2026-08-23 18:24:00+00:00,77302.6,77309.8,77292.4,77298.1,4.538
2026-08-23 18:25:00+00:00,77298.1,77324.0,77284.4,77324.0,6.751
2026-08-23 18:26:00+00:00,77324.0,77336.3,77323.9,77336.2,5.647
2026-08-23 18:27:00+00:00,77336.2,77358.8,77336.2,77344.4,16.626
2026-08-23 18:28:00+00:00,77344.4,77383.0,77344.2,77349.5,18.422
2026-08-23 18:29:00+00:00,77349.5,77360.8,77323.1,77323.1,5.516
2026-08-23 18:30:00+00:00,77323.1,77343.0,77317.2,77318.6,6.931
2026-08-23 18:31:00+00:00,77318.6,77323.9,77289.7,77303.2,11.262
2026-08-23 18:32:00+00:00,77303.2,77307.4,77284.6,77289.6,8.048
2026-08-23 18:33:00+00:00,77289.6,77311.0,77284.5,77303.4,5.33
2026-08-23 18:34:00+00:00,77303.4,77312.6,77284.5,77284.5,11.476
2026-08-23 18:35:00+00:00,77284.5,77331.4,77284.5,77331.4,14.71
2026-08-23 18:36:00+00:00,77331.4,77331.4,77310.2,77311.1,6.126
2026-08-23 18:37:00+00:00,77311.1,77326.1,77310.2,77317.9,4.193
2026-08-23 18:38:00+00:00,77317.9,77328.7,77317.9,77319.6,2.13
2026-08-23 18:39:00+00:00,77319.6,77319.6,77298.0,77305.1,8.685
2026-08-23 18:40:00+00:00,77305.1,77340.4,77305.1,77340.4,4.871
2026-08-23 18:41:00+00:00,77340.4,77340.5,77297.7,77321.7,23.823
2026-08-23 18:42:00+00:00,77321.7,77321.7,77304.0,77311.7,10.567
2026-08-23 18:43:00+00:00,77311.7,77311.7,77296.1,77307.4,2.317
2026-08-23 18:44:00+00:00,77307.4,77315.4,77307.4,77315.3,0.975
2026-08-23 18:45:00+00:00,77315.3,77318.3,77303.1,77314.2,4.802
2026-08-23 18:46:00+00:00,77314.2,77314.3,77284.5,77286.4,8.422
2026-08-23 18:47:00+00:00,77286.4,77287.3,77234.6,77236.7,46.281
2026-08-23 18:48:00+00:00,77236.7,77273.1,77236.7,77267.6,10.448
2026-08-23 18:49:00+00:00,77267.6,77280.6,77267.4,77280.5,1.728
2026-08-23 18:50:00+00:00,77280.5,77300.1,77252.8,77252.8,2.833
2026-08-23 18:51:00+00:00,77252.8,77265.7,77243.5,77265.6,16.302
2026-08-23 18:52:00+00:00,77265.6,77298.7,77261.2,77298.2,18.136
2026-08-23 18:53:00+00:00,77298.2,77300.1,77259.3,77260.6,5.515
2026-08-23 18:54:00+00:00,77260.6,77273.7,77260.6,77273.7,1.684
2026-08-23 18:55:00+00:00,77273.7,77300.1,77273.6,77296.3,15.157
2026-08-23 18:56:00+00:00,77296.3,77296.3,77265.7,77275.3,4.889
2026-08-23 18:57:00+00:00,77275.3,77280.8,77265.9,77269.4,2.92
2026-08-23 18:58:00+00:00,77269.4,77300.2,77269.4,77300.2,9.931
2026-08-23 18:59:00+00:00,77300.2,77323.0,77286.2,77323.0,17.017
2026-08-23 19:00:00+00:00,77323.0,77356.5,77323.0,77356.5,15.676
2026-08-23 19:01:00+00:00,77356.5,77390.9,77316.8,77353.7,52.681
2026-08-23 19:02:00+00:00,77353.7,77383.2,77302.3,77303.9,15.688
2026-08-23 19:03:00+00:00,77303.9,77322.3,77297.3,77297.3,6.771
2026-08-23 19:04:00+00:00,77297.3,77326.7,77297.3,77320.2,4.289
2026-08-23 19:05:00+00:00,77320.2,77325.6,77300.0,77312.1,15.244
2026-08-23 19:06:00+00:00,77312.1,77328.1,77311.8,77323.2,7.185
2026-08-23 19:07:00+00:00,77323.2,77341.5,77323.2,77325.9,5.931
2026-08-23 19:08:00+00:00,77325.9,77336.1,77325.9,77333.0,3.644
2026-08-23 19:09:00+00:00,77333.0,77333.0,77302.9,77302.9,7.406
2026-08-23 19:10:00+00:00,77302.9,77302.9,77284.0,77284.0,6.097
2026-08-23 19:11:00+00:00,77284.0,77284.1,77229.8,77241.3,17.122
2026-08-23 19:12:00+00:00,77241.3,77247.3,77229.8,77247.3,5.781
2026-08-23 19:13:00+00:00,77247.3,77278.0,77219.6,77277.9,41.005
2026-08-23 19:14:00+00:00,77277.9,77296.0,77277.9,77295.9,6.403
2026-08-23 19:15:00+00:00,77295.9,77318.7,77267.5,77318.7,16.406
2026-08-23 19:16:00+00:00,77318.7,77325.2,77310.4,77325.2,10.83
2026-08-23 19:17:00+00:00,77325.2,77327.6,77325.1,77327.5,2.569
2026-08-23 19:18:00+00:00,77338.4,77356.0,77334.9,77356.0,10.648
2026-08-23 19:19:00+00:00,77356.0,77356.0,77339.9,77340.0,1.514
2026-08-23 19:20:00+00:00,77340.0,77355.0,77339.9,77355.0,5.004
2026-08-23 19:21:00+00:00,77355.0,77372.3,77354.9,77372.3,7.239
2026-08-23 19:22:00+00:00,77372.3,77375.0,77342.0,77342.0,8.419
2026-08-23 19:23:00+00:00,77342.0,77374.3,77341.9,77374.3,4.895
2026-08-23 19:24:00+00:00,77374.3,77374.3,77337.5,77345.7,6.266
2026-08-23 19:25:00+00:00,77345.7,77345.7,77334.9,77339.2,6.527
2026-08-23 19:26:00+00:00,77339.2,77339.2,77328.1,77328.1,4.188
2026-08-23 19:27:00+00:00,77328.1,77335.0,77317.3,77319.7,12.612
2026-08-23 19:28:00+00:00,77319.7,77319.8,77311.7,77317.5,5.366
2026-08-23 19:29:00+00:00,77317.5,77336.9,77311.7,77336.8,3.555
2026-08-23 19:30:00+00:00,77336.8,77336.9,77308.9,77318.2,7.916
2026-08-23 19:31:00+00:00,77318.2,77323.4,77300.2,77300.2,4.677
2026-08-23 19:32:00+00:00,77300.2,77307.4,77284.4,77284.4,10.378
2026-08-23 19:33:00+00:00,77284.4,77322.5,77228.5,77306.4,85.755
2026-08-23 19:34:00+00:00,77306.4,77321.5,77298.2,77321.5,7.276
2026-08-23 19:35:00+00:00,77321.5,77321.5,77300.0,77316.7,7.877
2026-08-23 19:36:00+00:00,77316.7,77321.5,77310.1,77321.5,5.175
2026-08-23 19:37:00+00:00,77321.5,77332.5,77321.4,77332.4,14.82
2026-08-23 19:38:00+00:00,77332.4,77332.5,77304.2,77311.5,2.438
