start,open,high,low,close,volume
2026-08-22 15:12:00+00:00,2410.54,2410.54,2408.27,2408.62,230.97
2026-08-22 15:13:00+00:00,2408.62,2409.19,2407.1,2407.57,436.79
2026-08-22 15:14:00+00:00,2407.57,2409.32,2405.8,2405.8,618.28
2026-08-22 15:15:00+00:00,2405.8,2407.77,2405.45,2407.77,363.72
2026-08-22 15:16:00+00:00,2407.77,2410.78,2407.77,2410.24,327.4
2026-08-22 15:17:00+00:00,2410.24,2410.99,2407.82,2409.41,277.13
2026-08-22 15:18:00+00:00,2409.41,2409.5,2407.39,2408.33,242.25
2026-08-22 15:19:00+00:00,2408.33,2408.76,2407.56,2408.16,237.89
2026-08-22 15:20:00+00:00,2408.16,2408.63,2407.88,2408.4,238.24
2026-08-22 15:21:00+00:00,2408.4,2409.99,2407.62,2409.54,213.07
2026-08-22 15:22:00+00:00,2409.54,2410.2,2405.47,2405.7,418.04
2026-08-22 15:23:00+00:00,2405.7,2409.91,2405.43,2409.79,958.41
2026-08-22 15:24:00+00:00,2409.79,2412.06,2409.42,2409.43,795.94
2026-08-22 15:25:00+00:00,2409.43,2410.8,2408.7,2410.56,604.11
2026-08-22 15:26:00+00:00,2410.56,2410.62,2408.28,2410.02,522.59
2026-08-22 15:27:00+00:00,2410.02,2410.42,2409.0,2409.42,375.16
2026-08-22 15:28:00+00:00,2409.42,2411.23,2408.94,2411.23,393.26
2026-08-22 15:29:00+00:00,2411.23,2411.56,2410.21,2410.86,491.06
2026-08-22 15:30:00+00:00,2410.86,2412.22,2410.26,2411.16,580.09
2026-08-22 15:31:00+00:00,2411.16,2412.12,2410.44,2412.12,341.27
2026-08-22 15:32:00+00:00,2412.12,2412.79,2410.59,2411.8,519.9
2026-08-22 15:33:00+00:00,2411.8,2414.4,2411.4,2413.77,594.98
2026-08-22 15:34:00+00:00,2413.77,2414.65,2412.71,2414.31,211.66
2026-08-22 15:35:00+00:00,2414.31,2414.84,2413.43,2414.0,211.02
2026-08-22 15:36:00+00:00,2414.0,2414.0,2410.51,2410.9,255.83
2026-08-22 15:37:00+00:00,2410.9,2413.23,2410.89,2413.0,217.48
2026-08-22 15:38:00+00:00,2413.0,2413.01,2410.37,2410.38,225.54
2026-08-22 15:39:00+00:00,2410.38,2412.32,2409.86,2412.2,777.83
2026-08-22 15:40:00+00:00,2412.2,2412.28,2409.63,2410.57,196.34
2026-08-22 15:41:00+00:00,2410.57,2412.5,2410.43,2412.05,142.06
2026-08-22 15:42:00+00:00,2412.05,2412.66,2411.64,2412.32,68.14
2026-08-22 15:43:00+00:00,2412.32,2412.46,2410.42,2411.08,263.87
2026-08-22 15:44:00+00:00,2411.08,2413.24,2411.08,2412.43,195.51
2026-08-22 15:45:00+00:00,2412.43,2413.63,2412.26,2413.62,159.42
2026-08-22 15:46:00+00:00,2413.62,2413.85,2413.34,2413.41,116.39
2026-08-22 15:47:00+00:00,2413.41,2413.41,2411.54,2411.92,427.15
2026-08-22 15:48:00+00:00,2411.92,2413.42,2411.72,2411.93,392.63
2026-08-22 15:49:00+00:00,2411.93,2411.93,2409.75,2410.58,498.42
2026-08-22 15:50:00+00:00,2410.58,2411.06,2410.33,2410.63,136.06
2026-08-22 15:51:00+00:00,2410.63,2411.5,2408.79,2410.6,439.74
2026-08-22 15:52:00+00:00,2410.6,2410.96,2409.8,2410.24,73.84
2026-08-22 15:53:00+00:00,2410.24,2411.03,2408.73,2409.27,204.9
2026-08-22 15:54:00+00:00,2409.27,2410.18,2409.27,2410.03,97.66
2026-08-22 15:55:00+00:00,2410.03,2411.46,2410.03,2410.39,162.22
2026-08-22 15:56:00+00:00,2410.39,2410.76,2408.78,2409.82,160.01
2026-08-22 15:57:00+00:00,2409.82,2411.2,2409.82,2411.07,151.77
2026-08-22 15:58:00+00:00,2411.07,2412.89,2410.34,2410.51,215.15
2026-08-22 15:59:00+00:00,2410.51,2410.64,2410.03,2410.52,51.84
2026-08-22 16:00:00+00:00,2410.52,2411.82,2410.36,2411.34,406.86
2026-08-22 16:01:00+00:00,2411.34,2411.84,2409.69,2410.3,205.32
2026-08-22 16:02:00+00:00,2410.3,2413.68,2410.3,2412.83,661.98
2026-08-22 16:03:00+00:00,2412.83,2413.48,2410.61,2412.39,205.35
2026-08-22 16:04:00+00:00,2412.39,2416.91,2412.15,2414.82,1823.29
2026-08-22 16:05:00+00:00,2414.82,2415.32,2413.19,2414.53,1391.6
2026-08-22 16:06:00+00:00,2414.53,2414.84,2413.63,2413.94,239.32
2026-08-22 16:07:00+00:00,2413.94,2414.91,2413.66,2414.64,97.54
2026-08-22 16:08:00+00:00,2414.64,2415.88,2413.77,2414.04,273.66
2026-08-22 16:09:00+00:00,2414.04,2414.28,2412.75,2413.25,188.13
2026-08-22 16:10:00+00:00,2413.25,2413.73,2412.45,2412.94,391.94
2026-08-22 16:11:00+00:00,2412.94,2413.36,2412.05,2413.16,65.53
2026-08-22 16:12:00+00:00,2413.16,2413.17,2410.45,2410.7,322.17
2026-08-22 16:13:00+00:00,2410.7,2413.58,2408.54,2413.57,286.13
2026-08-22 16:14:00+00:00,2413.57,2414.44,2413.57,2414.41,240.81
2026-08-22 16:15:00+00:00,2414.41,2416.26,2414.4,2415.93,303.62
2026-08-22 16:16:00+00:00,2415.93,2417.89,2415.67,2416.59,1824.34
2026-08-22 16:17:00+00:00,2416.59,2417.89,2416.29,2417.68,353.97
2026-08-22 16:18:00+00:00,2417.68,2418.56,2417.13,2417.72,456.56
2026-08-22 16:19:00+00:00,2417.72,2420.47,2417.47,2419.51,1221.8
2026-08-22 16:20:00+00:00,2419.51,2420.28,2419.03,2419.22,564.76
2026-08-22 16:21:00+00:00,2419.22,2420.99,2419.13,2419.36,668.68
2026-08-22 16:22:00+00:00,2419.36,2420.99,2419.36,2420.12,267.91
2026-08-22 16:23:00+00:00,2420.12,2421.63,2419.88,2421.2,433.7
2026-08-22 16:24:00+00:00,2421.2,2422.56,2420.7,2421.2,352.98
2026-08-22 16:25:00+00:00,2421.2,2422.17,2420.32,2420.32,831.94
2026-08-22 16:26:00+00:00,2420.32,2420.32,2419.52,2419.65,236.46
2026-08-22 16:27:00+00:00,2419.65,2421.0,2419.27,2420.16,478.14
2026-08-22 16:28:00+00:00,2420.16,2421.0,2420.0,2420.31,151.63
2026-08-22 16:29:00+00:00,2420.31,2421.22,2420.28,2420.31,163.68
2026-08-22 16:30:00+00:00,2420.31,2420.98,2419.83,2420.3,183.32
2026-08-22 16:31:00+00:00,2420.3,2421.93,2420.13,2421.44,285.79
2026-08-22 16:32:00+00:00,2421.44,2421.64,2420.29,2421.0,189.86
2026-08-22 16:33:00+00:00,2421.0,2423.33,2420.01,2420.32,1646.48
2026-08-22 16:34:00+00:00,2420.32,2420.65,2418.8,2418.8,200.45
2026-08-22 16:35:00+00:00,2418.8,2420.72,2418.8,2420.56,164.24
2026-08-22 16:36:00+00:00,2420.56,2424.25,2420.56,2423.69,391.57
2026-08-22 16:37:00+00:00,2423.69,2423.76,2421.99,2423.34,340.41
2026-08-22 16:38:00+00:00,2423.34,2423.34,2422.18,2422.64,322.15
2026-08-22 16:39:00+00:00,2422.64,2423.57,2422.6,2423.0,145.51
2026-08-22 16:40:00+00:00,2423.0,2425.88,2422.81,2425.88,2380.79
2026-08-22 16:41:00+00:00,2425.88,2429.65,2425.58,2425.59,5749.41
2026-08-22 16:42:00+00:00,2425.59,2426.25,2424.38,2425.24,602.22
2026-08-22 16:43:00+00:00,2425.24,2427.62,2424.72,2427.0,555.12
2026-08-22 16:44:00+00:00,2427.0,2427.0,2425.7,2425.7,332.98
2026-08-22 16:45:00+00:00,2425.7,2427.0,2425.68,2427.0,121.23
2026-08-22 16:46:00+00:00,2427.0,2429.55,2426.91,2427.13,1453.68
2026-08-22 16:47:00+00:00,2427.13,2428.58,2427.04,2428.18,842.18
2026-08-22 16:48:00+00:00,2428.18,2428.95,2427.59,2427.59,389.14
2026-08-22 16:49:00+00:00,2427.59,2427.6,2425.31,2426.97,709.45
2026-08-22 16:50:00+00:00,2426.97,2427.55,2424.32,2424.4,508.55
2026-08-22 16:51:00+00:00,2424.4,2425.84,2424.2,2425.0,204.88
2026-08-22 16:52:00+00:00,2425.0,2425.0,2423.74,2424.61,118.4
2026-08-22 16:53:00+00:00,2424.61,2424.9,2422.79,2422.79,176.25
2026-08-22 16:54:00+00:00,2422.79,2424.56,2422.63,2422.75,1137.58
2026-08-22 16:55:00+00:00,2422.75,2423.68,2422.7,2422.7,147.55
2026-08-22 16:56:00+00:00,2422.7,2423.4,2422.36,2422.91,252.28
2026-08-22 16:57:00+00:00,2422.91,2424.44,2422.79,2423.26,954.69
2026-08-22 16:58:00+00:00,2423.26,2424.61,2423.26,2423.49,236.63
2026-08-22 16:59:00+00:00,2423.49,2423.77,2422.45,2422.55,145.38
2026-08-22 17:00:00+00:00,2422.55,2424.08,2422.55,2423.52,567.99
2026-08-22 17:01:00+00:00,2423.52,2425.01,2423.44,2424.68,201.73
2026-08-22 17:02:00+00:00,2424.68,2424.74,2422.57,2423.01,126.58
2026-08-22 17:03:00+00:00,2423.01,2423.75,2421.82,2423.5,142.86
2026-08-22 17:04:00+00:00,2423.5,2423.59,2422.14,2423.12,217.08
2026-08-22 17:05:00+00:00,2423.12,2423.53,2421.95,2422.01,267.24
2026-08-22 17:06:00+00:00,2422.01,2424.82,2421.78,2424.82,127.01
2026-08-22 17:07:00+00:00,2424.82,2424.9,2423.44,2424.75,101.79
2026-08-22 17:08:00+00:00,2424.75,2425.47,2422.85,2423.61,329.36
2026-08-22 17:09:00+00:00,2423.61,2423.9,2422.98,2423.85,48.56
2026-08-22 17:10:00+00:00,2423.85,2424.1,2423.43,2423.76,43.56
2026-08-22 17:11:00+00:00,2423.76,2425.15,2423.75,2425.15,81.77
2026-08-22 17:12:00+00:00,2425.15,2425.16,2423.83,2424.01,101.44
2026-08-22 17:13:00+00:00,2424.01,2424.19,2423.39,2423.61,80.17
2026-08-22 17:14:00+00:00,2423.61,2424.24,2423.4,2424.18,105.94
2026-08-22 17:15:00+00:00,2424.18,2425.64,2424.18,2425.44,189.95
2026-08-22 17:16:00+00:00,2425.44,2425.93,2424.43,2424.9,272.53
2026-08-22 17:17:00+00:00,2424.9,2426.4,2424.83,2426.27,143.27
2026-08-22 17:18:00+00:00,2426.27,2427.93,2426.16,2427.56,205.28
2026-08-22 17:19:00+00:00,2427.56,2429.02,2427.56,2428.66,204.32
2026-08-22 17:20:00+00:00,2428.66,2429.0,2426.75,2427.44,230.89
2026-08-22 17:21:00+00:00,2427.44,2428.74,2427.2,2428.19,161.23
2026-08-22 17:22:00+00:00,2428.19,2429.14,2425.39,2425.4,553.15
2026-08-22 17:23:00+00:00,2425.4,2426.08,2425.16,2425.54,263.92
2026-08-22 17:24:00+00:00,2425.54,2425.54,2423.5,2425.36,742.42
2026-08-22 17:25:00+00:00,2425.36,2425.83,2424.97,2424.97,166.99
2026-08-22 17:26:00+00:00,2424.97,2425.75,2424.95,2425.74,58.92
2026-08-22 17:27:00+00:00,2425.74,2425.75,2424.69,2424.78,79.97
2026-08-22 17:28:00+00:00,2424.78,2425.14,2418.36,2420.3,1910.94
2026-08-22 17:29:00+00:00,2420.3,2421.15,2417.22,2418.86,1580.72
2026-08-22 17:30:00+00:00,2418.86,2422.55,2418.86,2422.55,139.38
2026-08-22 17:31:00+00:00,2422.55,2424.12,2422.54,2423.82,183.58
2026-08-22 17:32:00+00:00,2423.82,2424.0,2422.36,2423.78,649.63
2026-08-22 17:33:00+00:00,2423.78,2423.9,2422.58,2423.72,392.03
2026-08-22 17:34:00+00:00,2423.72,2423.94,2423.0,2423.0,144.17
2026-08-22 17:35:00+00:00,2423.0,2425.48,2423.0,2425.31,183.71
2026-08-22 17:36:00+00:00,2425.31,2425.32,2424.01,2424.22,153.26
2026-08-22 17:37:00+00:00,2424.22,2424.34,2423.09,2423.1,247.46
2026-08-22 17:38:00+00:00,2423.1,2424.23,2422.77,2422.97,111.51
2026-08-22 17:39:00+00:00,2422.97,2422.98,2420.88,2421.16,145.78
2026-08-22 17:40:00+00:00,2421.16,2423.99,2420.97,2423.9,260.6
2026-08-22 17:41:00+00:00,2423.9,2424.77,2423.9,2424.6,76.5
2026-08-22 17:42:00+00:00,2424.6,2425.1,2421.49,2424.55,2699.86
2026-08-22 17:43:00+00:00,2424.55,2424.92,2423.23,2424.53,197.99
2026-08-22 17:44:00+00:00,2424.53,2424.77,2423.94,2424.77,46.07
2026-08-22 17:45:00+00:00,2424.77,2424.99,2424.0,2424.86,220.08
2026-08-22 17:46:00+00:00,2424.86,2424.86,2423.5,2424.12,258.25
2026-08-22 17:47:00+00:00,2424.12,2425.0,2423.76,2424.86,52.59
2026-08-22 17:48:00+00:00,2424.86,2425.59,2424.75,2425.29,151.32
2026-08-22 17:49:00+00:00,2425.29,2426.99,2425.2,2426.2,455.22
2026-08-22 17:50:00+00:00,2426.2,2429.49,2426.11,2429.49,437.18
2026-08-22 17:51:00+00:00,2429.49,2431.78,2429.49,2430.81,3184.35
2026-08-22 17:52:00+00:00,2430.81,2430.81,2428.62,2428.62,240.23
2026-08-22 17:53:00+00:00,2428.62,2428.62,2427.17,2427.45,276.91
2026-08-22 17:54:00+00:00,2427.45,2428.14,2426.7,2427.9,395.23
2026-08-22 17:55:00+00:00,2427.9,2428.11,2426.84,2426.85,62.33
2026-08-22 17:56:00+00:00,2426.85,2427.5,2425.99,2426.49,99.76
2026-08-22 17:57:00+00:00,2426.49,2427.5,2426.32,2427.5,33.45
2026-08-22 17:58:00+00:00,2427.5,2427.68,2426.15,2426.31,116.77
2026-08-22 17:59:00+00:00,2426.31,2426.75,2425.6,2426.33,61.64
2026-08-22 18:00:00+00:00,2426.33,2426.65,2425.8,2426.52,218.8
2026-08-22 18:01:00+00:00,2426.52,2427.69,2426.35,2427.28,135.08
2026-08-22 18:02:00+00:00,2427.28,2428.17,2426.68,2427.66,529.51
2026-08-22 18:03:00+00:00,2427.66,2427.93,2426.82,2427.77,132.05
2026-08-22 18:04:00+00:00,2427.77,2429.25,2427.0,2428.99,148.89
2026-08-22 18:05:00+00:00,2428.99,2430.72,2428.99,2430.66,148.3
2026-08-22 18:06:00+00:00,2430.66,2431.2,2429.46,2429.64,296.44
2026-08-22 18:07:00+00:00,2429.64,2429.86,2428.42,2428.43,81.4
2026-08-22 18:08:00+00:00,2428.43,2428.62,2427.12,2427.22,105.29
2026-08-22 18:09:00+00:00,2427.22,2428.09,2426.44,2426.44,125.48
2026-08-22 18:10:00+00:00,2426.44,2428.18,2425.91,2426.34,87.81
2026-08-22 18:11:00+00:00,2426.34,2426.37,2425.33,2425.82,71.56
2026-08-22 18:12:00+00:00,2425.82,2426.04,2425.08,2425.75,176.21
2026-08-22 18:13:00+00:00,2425.75,2426.62,2424.88,2426.49,79.36
2026-08-22 18:14:00+00:00,2426.49,2426.99,2426.43,2426.47,45.2
2026-08-22 18:15:00+00:00,2426.47,2428.65,2426.47,2427.6,77.15
2026-08-22 18:16:00+00:00,2427.6,2429.06,2427.39,2428.5,271.13
2026-08-22 18:17:00+00:00,2428.5,2428.69,2426.55,2427.48,177.64
2026-08-22 18:18:00+00:00,2427.48,2429.4,2427.05,2428.96,237.62
2026-08-22 18:19:00+00:00,2428.96,2429.79,2428.28,2428.47,236.1
2026-08-22 18:20:00+00:00,2428.47,2429.32,2428.13,2428.56,121.44
2026-08-22 18:21:00+00:00,2428.56,2429.68,2428.48,2429.42,124.84
2026-08-22 18:22:00+00:00,2429.42,2434.39,2429.42,2432.54,1724.56
2026-08-22 18:23:00+00:00,2432.54,2432.83,2431.83,2431.95,111.44
2026-08-22 18:24:00+00:00,2431.95,2432.31,2430.97,2430.98,316.86
2026-08-22 18:25:00+00:00,2430.98,2432.25,2430.97,2432.24,47.11
2026-08-22 18:26:00+00:00,2432.24,2434.32,2431.83,2432.24,352.52
2026-08-22 18:27:00+00:00,2432.24,2432.53,2431.52,2432.35,152.55
2026-08-22 18:28:00+00:00,2432.35,2432.36,2431.22,2431.22,183.5
2026-08-22 18:29:00+00:00,2431.22,2431.48,2430.01,2430.97,135.99
2026-08-22 18:30:00+00:00,2430.97,2431.39,2430.17,2430.17,238.12
2026-08-22 18:31:00+00:00,2430.17,2430.39,2430.1,2430.12,9.13
2026-08-22 18:32:00+00:00,2430.31,2430.31,2430.31,2430.31,0.0
2026-08-22 18:33:00+00:00,2431.18,2431.18,2431.17,2431.17,10.54
2026-08-22 18:34:00+00:00,2430.56,2430.83,2430.56,2430.83,4.18
2026-08-22 18:35:00+00:00,2433.22,2433.22,2432.27,2432.51,90.53
2026-08-22 18:36:00+00:00,2431.81,2431.82,2431.4,2431.4,42.65
2026-08-22 18:37:00+00:00,2429.73,2429.73,2429.73,2429.73,0.0
2026-08-22 18:38:00+00:00,2430.26,2430.4,2430.13,2430.14,42.52
2026-08-22 18:39:00+00:00,2429.06,2429.07,2429.06,2429.06,1.12
2026-08-22 18:40:00+00:00,2428.63,2428.63,2428.63,2428.63,0.0
2026-08-22 18:41:00+00:00,2427.5,2427.5,2427.49,2427.49,4.52
2026-08-22 18:42:00+00:00,2428.95,2429.08,2428.95,2429.08,2.43
2026-08-22 18:43:00+00:00,2429.29,2429.7,2429.28,2429.69,4.04
2026-08-22 18:44:00+00:00,2429.36,2429.36,2429.36,2429.36,0.0
2026-08-22 18:45:00+00:00,2426.2,2426.21,2426.2,2426.21,0.01
2026-08-22 18:46:00+00:00,2426.2,2427.03,2426.16,2426.16,60.98
2026-08-22 18:47:00+00:00,2426.15,2426.64,2425.15,2425.15,295.55
2026-08-22 18:48:00+00:00,2425.31,2425.8,2425.31,2425.55,14.5
2026-08-22 18:49:00+00:00,2425.5,2425.72,2425.49,2425.71,1.95
2026-08-22 18:50:00+00:00,2425.93,2426.34,2425.8,2425.8,17.34
2026-08-22 18:51:00+00:00,2424.4,2424.49,2424.4,2424.49,0.29
2026-08-22 18:52:00+00:00,2423.91,2424.2,2423.91,2424.2,41.66
2026-08-22 18:53:00+00:00,2423.14,2423.19,2423.09,2423.09,2.63
2026-08-22 18:54:00+00:00,2421.17,2421.83,2421.17,2421.74,27.68
2026-08-22 18:55:00+00:00,2424.17,2424.17,2424.16,2424.16,21.12
2026-08-22 18:56:00+00:00,2424.17,2424.17,2424.17,2424.17,0.0
2026-08-22 18:57:00+00:00,2424.99,2425.22,2424.99,2425.22,11.17
2026-08-22 18:58:00+00:00,2425.89,2425.89,2425.89,2425.89,0.05
2026-08-22 18:59:00+00:00,2426.2,2426.2,2426.2,2426.2,0.0
2026-08-22 19:00:00+00:00,2426.78,2427.03,2426.68,2427.03,34.7
2026-08-22 19:01:00+00:00,2425.59,2425.6,2425.59,2425.6,0.12
2026-08-22 19:02:00+00:00,2427.33,2427.33,2427.33,2427.33,0.0
2026-08-22 19:03:00+00:00,2427.39,2427.87,2427.39,2427.87,5.4
2026-08-22 19:04:00+00:00,2427.76,2427.77,2427.76,2427.77,0.34
2026-08-22 19:05:00+00:00,2426.18,2426.18,2426.18,2426.18,0.0
2026-08-22 19:06:00+00:00,2426.72,2426.73,2426.72,2426.73,1.43
2026-08-22 19:07:00+00:00,2425.93,2425.98,2425.56,2425.8,5.59
2026-08-22 19:08:00+00:00,2424.65,2425.23,2424.65,2425.15,3.35
2026-08-22 19:09:00+00:00,2424.58,2425.0,2424.57,2425.0,18.48
2026-08-22 19:10:00+00:00,2427.06,2427.06,2426.28,2426.28,27.6
2026-08-22 19:11:00+00:00,2427.57,2427.96,2426.9,2427.96,48.13
2026-08-22 19:12:00+00:00,2427.96,2429.08,2427.67,2427.77,174.67
2026-08-22 19:13:00+00:00,2427.77,2429.36,2427.77,2429.28,84.13
2026-08-22 19:14:00+00:00,2429.28,2430.0,2429.0,2429.23,120.54
2026-08-22 19:15:00+00:00,2429.23,2429.99,2429.0,2429.89,254.78
2026-08-22 19:16:00+00:00,2429.99,2430.0,2429.99,2430.0,1.71
2026-08-22 19:17:00+00:00,2428.62,2429.17,2428.59,2428.61,30.6
2026-08-22 19:18:00+00:00,2428.61,2430.5,2428.35,2429.63,599.42
2026-08-22 19:19:00+00:00,2429.63,2430.34,2427.05,2428.65,686.4
2026-08-22 19:20:00+00:00,2428.65,2428.98,2427.43,2427.85,52.25
2026-08-22 19:21:00+00:00,2427.85,2427.95,2426.92,2426.92,49.32
2026-08-22 19:22:00+00:00,2426.92,2427.42,2426.84,2426.93,34.12
2026-08-22 19:23:00+00:00,2426.93,2428.42,2426.92,2428.42,87.54
2026-08-22 19:24:00+00:00,2428.42,2428.83,2427.33,2427.48,141.7
2026-08-22 19:25:00+00:00,2427.48,2427.71,2427.16,2427.61,232.45
2026-08-22 19:26:00+00:00,2427.61,2428.71,2426.07,2428.27,482.16
2026-08-22 19:27:00+00:00,2428.27,2428.72,2427.7,2428.46,244.39
2026-08-22 19:28:00+00:00,2428.46,2428.59,2427.75,2427.97,203.66
2026-08-22 19:29:00+00:00,2427.97,2428.36,2427.32,2427.74,207.04
2026-08-22 19:30:00+00:00,2427.74,2429.09,2427.71,2429.09,254.44
2026-08-22 19:31:00+00:00,2429.09,2430.0,2428.84,2429.9,124.03
2026-08-22 19:32:00+00:00,2429.56,2429.87,2429.38,2429.86,25.54
2026-08-22 19:33:00+00:00,2430.7,2431.01,2429.75,2430.1,248.03
2026-08-22 19:34:00+00:00,2430.1,2430.9,2429.78,2430.69,264.36
2026-08-22 19:35:00+00:00,2430.69,2430.7,2429.66,2429.89,244.6
2026-08-22 19:36:00+00:00,2429.89,2430.0,2429.45,2429.69,285.21
2026-08-22 19:37:00+00:00,2429.69,2431.45,2429.68,2431.23,363.94
2026-08-22 19:38:00+00:00,2431.23,2431.5,2430.78,2431.43,262.08
2026-08-22 19:39:00+00:00,2431.43,2431.43,2430.45,2430.91,331.78
2026-08-22 19:40:00+00:00,2430.91,2432.45,2430.87,2432.44,383.0
2026-08-22 19:41:00+00:00,2432.44,2432.52,2431.57,2431.79,269.12
2026-08-22 19:42:00+00:00,2431.79,2432.46,2431.11,2431.37,213.83
2026-08-22 19:43:00+00:00,2431.37,2433.91,2430.75,2433.69,437.7
2026-08-22 19:44:00+00:00,2433.69,2434.45,2433.08,2434.1,424.33
2026-08-22 19:45:00+00:00,2434.1,2434.1,2432.9,2433.09,286.95
2026-08-22 19:46:00+00:00,2433.09,2438.0,2433.09,2437.54,3807.46
2026-08-22 19:47:00+00:00,2437.54,2439.76,2437.26,2437.68,1146.12
2026-08-22 19:48:00+00:00,2437.05,2437.51,2436.27,2436.55,309.36
2026-08-22 19:49:00+00:00,2436.55,2437.54,2436.36,2437.05,188.13
2026-08-22 19:50:00+00:00,2437.05,2439.08,2436.8,2438.8,731.97
2026-08-22 19:51:00+00:00,2438.8,2444.52,2438.79,2441.81,6857.07
2026-08-22 19:52:00+00:00,2441.81,2442.2,2440.53,2441.09,389.26
2026-08-22 19:53:00+00:00,2441.09,2444.44,2440.57,2443.21,590.5
2026-08-22 19:54:00+00:00,2443.21,2443.21,2442.0,2442.01,647.84
2026-08-22 19:55:00+00:00,2442.01,2442.01,2441.14,2441.34,176.0
2026-08-22 19:56:00+00:00,2441.34,2442.06,2440.96,2442.01,595.21
2026-08-22 19:57:00+00:00,2442.01,2442.01,2440.48,2440.99,212.45
2026-08-22 19:58:00+00:00,2440.99,2441.41,2440.01,2440.01,209.55
2026-08-22 19:59:00+00:00,2440.01,2440.01,2438.2,2438.61,667.18
2026-08-22 20:00:00+00:00,2438.61,2440.44,2438.61,2438.94,1011.25
2026-08-22 20:01:00+00:00,2438.94,2439.0,2437.4,2437.66,586.02
2026-08-22 20:02:00+00:00,2437.66,2438.32,2436.0,2436.0,334.41
2026-08-22 20:03:00+00:00,2436.0,2436.65,2435.59,2436.0,262.73
2026-08-22 20:04:00+00:00,2436.0,2438.55,2435.69,2438.21,280.27
2026-08-22 20:05:00+00:00,2438.21,2438.24,2436.93,2436.94,286.87
2026-08-22 20:06:00+00:00,2436.94,2438.89,2436.93,2438.65,270.33
2026-08-22 20:07:00+00:00,2438.65,2440.16,2438.65,2439.93,334.85
2026-08-22 20:08:00+00:00,2439.93,2440.77,2439.63,2440.54,469.61
2026-08-22 20:09:00+00:00,2440.54,2441.49,2440.25,2440.25,248.18
2026-08-22 20:10:00+00:00,2440.25,2441.75,2440.11,2441.74,315.57
2026-08-22 20:11:00+00:00,2441.74,2442.6,2441.16,2442.4,302.95
2026-08-22 20:12:00+00:00,2442.4,2442.41,2440.6,2441.65,426.04
2026-08-22 20:13:00+00:00,2441.65,2443.69,2441.65,2441.84,386.04
2026-08-22 20:14:00+00:00,2441.84,2441.95,2440.2,2440.37,489.33
2026-08-22 20:15:00+00:00,2440.37,2441.36,2440.35,2440.35,310.65
2026-08-22 20:16:00+00:00,2440.35,2441.1,2439.99,2440.74,463.52
2026-08-22 20:17:00+00:00,2440.74,2440.87,2439.01,2439.4,640.84
2026-08-22 20:18:00+00:00,2439.4,2439.4,2438.62,2439.14,114.84
2026-08-22 20:19:00+00:00,2438.48,2439.41,2438.32,2438.69,267.16
2026-08-22 20:20:00+00:00,2438.69,2439.16,2438.28,2438.46,248.0
2026-08-22 20:21:00+00:00,2438.46,2438.61,2436.42,2437.08,585.53
2026-08-22 20:22:00+00:00,2437.08,2437.13,2436.41,2436.67,235.09
2026-08-22 20:23:00+00:00,2436.67,2438.2,2436.58,2437.63,705.77
2026-08-22 20:24:00+00:00,2437.63,2437.63,2436.77,2437.32,286.37
2026-08-22 20:25:00+00:00,2437.32,2439.27,2437.29,2439.27,191.23
2026-08-22 20:26:00+00:00,2439.27,2439.42,2438.99,2439.05,18.02
2026-08-22 20:27:00+00:00,2439.05,2439.25,2437.98,2438.43,81.42
2026-08-22 20:28:00+00:00,2438.43,2438.56,2437.38,2437.72,105.71
2026-08-22 20:29:00+00:00,2437.72,2437.72,2437.04,2437.04,47.44
2026-08-22 20:30:00+00:00,2437.04,2437.68,2437.04,2437.13,96.06
2026-08-22 20:31:00+00:00,2437.13,2437.42,2436.21,2436.3,242.76
2026-08-22 20:32:00+00:00,2436.3,2436.8,2435.91,2436.24,88.94
2026-08-22 20:33:00+00:00,2436.24,2436.99,2435.69,2435.69,656.58
2026-08-22 20:34:00+00:00,2435.0,2435.01,2435.0,2435.01,0.34
2026-08-22 20:35:00+00:00,2435.33,2436.06,2435.05,2435.56,106.54
2026-08-22 20:36:00+00:00,2435.56,2436.43,2434.81,2436.34,231.15
2026-08-22 20:37:00+00:00,2436.34,2437.44,2436.34,2436.93,95.58
2026-08-22 20:38:00+00:00,2436.93,2437.09,2434.91,2436.0,108.08
2026-08-22 20:39:00+00:00,2436.0,2438.06,2436.0,2438.06,215.9
2026-08-22 20:40:00+00:00,2438.06,2439.01,2435.93,2435.93,143.97
2026-08-22 20:41:00+00:00,2435.93,2437.03,2435.65,2435.66,110.79
2026-08-22 20:42:00+00:00,2435.66,2436.42,2434.17,2435.71,426.91
2026-08-22 20:43:00+00:00,2435.71,2436.44,2435.71,2436.1,114.33
2026-08-22 20:44:00+00:00,2436.1,2436.23,2435.73,2436.22,75.04
2026-08-22 20:45:00+00:00,2436.22,2436.99,2436.15,2436.48,52.07
2026-08-22 20:46:00+00:00,2436.48,2436.62,2435.58,2435.67,165.51
2026-08-22 20:47:00+00:00,2435.67,2435.99,2434.77,2434.93,110.52
2026-08-22 20:48:00+00:00,2434.93,2435.16,2434.81,2434.91,39.91
2026-08-22 20:49:00+00:00,2434.91,2435.31,2434.72,2435.2,60.67
2026-08-22 20:50:00+00:00,2435.18,2435.18,2435.02,2435.02,2.27
2026-08-22 20:51:00+00:00,2435.03,2435.18,2434.72,2435.14,22.93
2026-08-22 20:52:00+00:00,2435.14,2435.82,2434.88,2435.16,92.4
2026-08-22 20:53:00+00:00,2435.16,2435.3,2434.56,2434.85,68.12
2026-08-22 20:54:00+00:00,2434.85,2435.25,2434.56,2434.7,62.77
2026-08-22 20:55:00+00:00,2434.7,2434.7,2433.67,2433.71,233.86
2026-08-22 20:56:00+00:00,2433.71,2433.96,2426.8,2429.17,4057.94
2026-08-22 20:57:00+00:00,2429.17,2430.44,2428.74,2430.44,520.46
2026-08-22 20:58:00+00:00,2430.44,2430.91,2430.3,2430.91,228.55
2026-08-22 20:59:00+00:00,2430.91,2431.79,2430.91,2431.11,118.16
2026-08-22 21:00:00+00:00,2431.11,2431.33,2429.0,2429.13,302.7
2026-08-22 21:01:00+00:00,2429.13,2429.19,2426.79,2427.02,274.37
2026-08-22 21:02:00+00:00,2427.02,2427.02,2421.68,2422.81,2669.07
2026-08-22 21:03:00+00:00,2422.81,2423.24,2420.82,2422.29,560.63
2026-08-22 21:04:00+00:00,2422.29,2422.62,2414.48,2419.42,3205.33
2026-08-22 21:05:00+00:00,2419.42,2422.59,2419.24,2422.59,1049.72
2026-08-22 21:06:00+00:00,2422.59,2422.59,2419.39,2419.44,736.61
2026-08-22 21:07:00+00:00,2419.44,2420.17,2418.4,2418.96,695.63
2026-08-22 21:08:00+00:00,2418.96,2421.92,2418.75,2421.92,308.89
2026-08-22 21:09:00+00:00,2421.92,2422.58,2421.42,2421.77,332.3
2026-08-22 21:10:00+00:00,2421.77,2422.05,2421.23,2421.88,298.82
2026-08-22 21:11:00+00:00,2421.88,2421.88,2419.74,2420.17,112.28
2026-08-22 21:12:00+00:00,2415.14,2416.12,2414.31,2414.98,1262.29
2026-08-22 21:13:00+00:00,2414.98,2416.34,2414.98,2415.98,318.42
2026-08-22 21:14:00+00:00,2415.98,2415.98,2411.67,2411.99,994.5
2026-08-22 21:15:00+00:00,2411.99,2416.35,2411.96,2416.13,614.04
2026-08-22 21:16:00+00:00,2416.13,2418.42,2414.6,2415.91,700.68
2026-08-22 21:17:00+00:00,2415.91,2418.89,2415.58,2418.89,324.36
2026-08-22 21:18:00+00:00,2418.89,2418.89,2416.92,2417.7,997.82
2026-08-22 21:19:00+00:00,2417.7,2418.98,2417.05,2418.98,66.32
2026-08-22 21:20:00+00:00,2418.98,2420.44,2418.97,2420.04,158.12
2026-08-22 21:21:00+00:00,2420.04,2421.13,2416.21,2417.48,737.44
2026-08-22 21:22:00+00:00,2417.48,2419.83,2416.97,2419.51,187.02
2026-08-22 21:23:00+00:00,2419.51,2419.51,2418.53,2419.03,160.92
2026-08-22 21:24:00+00:00,2419.03,2419.62,2418.04,2418.05,257.5
2026-08-22 21:25:00+00:00,2418.05,2418.05,2416.98,2417.78,532.76
2026-08-22 21:26:00+00:00,2417.78,2420.17,2417.78,2419.28,110.62
2026-08-22 21:27:00+00:00,2419.28,2421.5,2419.27,2421.13,157.61
2026-08-22 21:28:00+00:00,2421.13,2421.62,2420.66,2421.12,142.77
2026-08-22 21:29:00+00:00,2421.12,2421.75,2420.77,2421.29,352.37
2026-08-22 21:30:00+00:00,2421.29,2422.39,2420.99,2422.13,59.81
2026-08-22 21:31:00+00:00,2422.13,2422.13,2414.44,2415.27,525.21
2026-08-22 21:32:00+00:00,2415.27,2416.96,2414.38,2415.81,423.8
2026-08-22 21:33:00+00:00,2415.81,2417.69,2414.26,2417.22,407.25
2026-08-22 21:34:00+00:00,2417.22,2417.61,2416.38,2417.61,265.98
2026-08-22 21:35:00+00:00,2417.61,2417.66,2415.12,2415.66,413.07
2026-08-22 21:36:00+00:00,2415.66,2415.66,2413.01,2414.99,397.41
2026-08-22 21:37:00+00:00,2414.99,2414.99,2413.46,2413.73,247.68
2026-08-22 21:38:00+00:00,2413.73,2414.11,2408.55,2413.36,1643.12
2026-08-22 21:39:00+00:00,2413.36,2413.36,2411.2,2412.18,348.86
2026-08-22 21:40:00+00:00,2412.18,2412.77,2408.02,2411.75,3855.76
2026-08-22 21:41:00+00:00,2411.75,2414.04,2410.94,2411.17,3288.28
2026-08-22 21:42:00+00:00,2411.17,2413.25,2409.68,2411.44,2455.41
2026-08-22 21:43:00+00:00,2411.44,2412.58,2411.44,2412.58,223.94
2026-08-22 21:44:00+00:00,2412.58,2416.0,2412.45,2415.73,461.98
2026-08-22 21:45:00+00:00,2415.73,2415.73,2413.03,2413.03,248.45
2026-08-22 21:46:00+00:00,2413.03,2413.03,2410.17,2410.48,355.01
2026-08-22 21:47:00+00:00,2410.48,2411.19,2409.83,2410.62,519.15
2026-08-22 21:48:00+00:00,2410.62,2411.75,2409.3,2410.76,376.1
2026-08-22 21:49:00+00:00,2410.76,2412.21,2410.62,2411.73,149.62
2026-08-22 21:50:00+00:00,2411.73,2412.43,2410.56,2410.57,354.29
2026-08-22 21:51:00+00:00,2410.57,2410.84,2408.03,2408.52,584.97
2026-08-22 21:52:00+00:00,2408.52,2409.34,2406.54,2409.34,882.89
2026-08-22 21:53:00+00:00,2409.34,2410.34,2408.42,2408.97,607.38
2026-08-22 21:54:00+00:00,2408.97,2409.57,2406.87,2408.34,2636.29
2026-08-22 21:55:00+00:00,2408.34,2409.04,2406.94,2406.94,716.52
2026-08-22 21:56:00+00:00,2406.94,2406.94,2401.45,2406.07,3529.97
2026-08-22 21:57:00+00:00,2406.07,2409.13,2406.07,2407.65,736.76
2026-08-22 21:58:00+00:00,2407.65,2408.94,2407.65,2408.94,168.91
2026-08-22 21:59:00+00:00,2408.94,2408.95,2406.68,2406.68,156.01
2026-08-22 22:00:00+00:00,2406.68,2413.0,2406.3,2409.49,1151.78
2026-08-22 22:01:00+00:00,2409.49,2410.93,2409.37,2409.62,412.04
2026-08-22 22:02:00+00:00,2409.62,2409.63,2403.53,2405.68,1059.83
2026-08-22 22:03:00+00:00,2405.68,2411.81,2405.1,2411.62,731.64
2026-08-22 22:04:00+00:00,2411.62,2411.62,2407.97,2409.84,379.54
2026-08-22 22:05:00+00:00,2409.84,2416.79,2409.64,2416.79,1241.89
2026-08-22 22:06:00+00:00,2416.79,2417.86,2414.72,2415.4,1652.34
2026-08-22 22:07:00+00:00,2415.4,2420.0,2415.2,2418.86,1484.37
2026-08-22 22:08:00+00:00,2418.86,2420.61,2417.93,2420.28,383.03
2026-08-22 22:09:00+00:00,2420.28,2421.5,2417.66,2418.59,1290.03
2026-08-22 22:10:00+00:00,2418.59,2419.27,2416.35,2417.13,574.61
2026-08-22 22:11:00+00:00,2417.13,2417.2,2415.68,2416.84,196.17
2026-08-22 22:12:00+00:00,2416.84,2417.09,2416.65,2416.94,18.29
2026-08-22 22:13:00+00:00,2417.74,2420.93,2417.74,2418.88,942.85
2026-08-22 22:14:00+00:00,2418.88,2419.9,2418.82,2419.22,177.35
2026-08-22 22:15:00+00:00,2419.22,2421.0,2418.25,2418.29,330.65
2026-08-22 22:16:00+00:00,2418.29,2419.82,2418.28,2418.4,216.71
2026-08-22 22:17:00+00:00,2418.4,2419.2,2417.27,2417.99,180.87
2026-08-22 22:18:00+00:00,2417.99,2419.78,2417.83,2418.36,122.72
2026-08-22 22:19:00+00:00,2418.36,2419.0,2417.0,2417.33,666.19
2026-08-22 22:20:00+00:00,2417.33,2422.37,2417.33,2420.48,1042.93
2026-08-22 22:21:00+00:00,2420.48,2421.4,2419.81,2421.0,209.82
2026-08-22 22:22:00+00:00,2421.0,2421.0,2419.0,2420.05,563.63
2026-08-22 22:23:00+00:00,2420.05,2420.05,2418.59,2419.38,176.36
2026-08-22 22:24:00+00:00,2419.38,2422.4,2419.37,2421.63,750.29
2026-08-22 22:25:00+00:00,2421.63,2424.43,2421.51,2423.88,384.93
2026-08-22 22:26:00+00:00,2423.88,2424.17,2422.57,2422.57,354.24
2026-08-22 22:27:00+00:00,2422.57,2424.89,2422.57,2424.75,568.17
2026-08-22 22:28:00+00:00,2424.48,2424.48,2422.44,2423.58,570.08
2026-08-22 22:29:00+00:00,2423.58,2425.18,2422.4,2422.92,412.08
2026-08-22 22:30:00+00:00,2422.92,2423.26,2421.58,2421.99,179.39
2026-08-22 22:31:00+00:00,2421.99,2422.32,2420.52,2420.57,100.16
2026-08-22 22:32:00+00:00,2420.57,2421.01,2412.6,2413.88,3955.48
2026-08-22 22:33:00+00:00,2413.88,2414.64,2408.19,2410.44,2671.28
2026-08-22 22:34:00+00:00,2410.44,2413.97,2410.18,2413.97,437.14
2026-08-22 22:35:00+00:00,2413.97,2415.54,2413.61,2414.0,359.97
2026-08-22 22:36:00+00:00,2414.0,2415.3,2412.42,2414.56,195.68
2026-08-22 22:37:00+00:00,2414.56,2416.73,2414.56,2416.68,313.38
2026-08-22 22:38:00+00:00,2416.68,2417.8,2416.16,2416.44,322.31
2026-08-22 22:39:00+00:00,2416.44,2416.44,2412.72,2413.9,589.34
2026-08-22 22:40:00+00:00,2413.9,2414.69,2413.33,2414.45,245.85
2026-08-22 22:41:00+00:00,2414.45,2414.69,2413.65,2414.09,58.97
2026-08-22 22:42:00+00:00,2414.09,2414.56,2412.87,2414.3,456.6
2026-08-22 22:43:00+00:00,2414.3,2416.15,2414.3,2415.71,286.9
2026-08-22 22:44:00+00:00,2415.71,2415.93,2415.28,2415.28,28.09
2026-08-22 22:45:00+00:00,2414.25,2415.83,2414.03,2414.53,793.38
2026-08-22 22:46:00+00:00,2414.53,2416.76,2413.99,2416.09,633.88
2026-08-22 22:47:00+00:00,2416.09,2416.8,2414.8,2415.28,206.49
2026-08-22 22:48:00+00:00,2415.28,2415.28,2414.06,2414.06,146.72
2026-08-22 22:49:00+00:00,2414.06,2414.44,2413.36,2414.1,264.5
2026-08-22 22:50:00+00:00,2414.1,2414.1,2413.28,2413.59,144.3
2026-08-22 22:51:00+00:00,2413.59,2416.89,2413.11,2416.79,186.51
2026-08-22 22:52:00+00:00,2416.79,2417.96,2415.5,2415.7,253.15
2026-08-22 22:53:00+00:00,2415.7,2416.36,2414.5,2415.3,169.0
2026-08-22 22:54:00+00:00,2415.3,2415.93,2415.02,2415.35,107.81
2026-08-22 22:55:00+00:00,2415.35,2416.16,2413.26,2413.26,138.2
2026-08-22 22:56:00+00:00,2413.26,2413.44,2412.43,2413.13,290.08
2026-08-22 22:57:00+00:00,2413.13,2413.31,2411.97,2412.13,68.53
2026-08-22 22:58:00+00:00,2412.13,2412.28,2411.07,2411.8,132.56
2026-08-22 22:59:00+00:00,2411.8,2413.97,2411.8,2413.44,326.99
2026-08-22 23:00:00+00:00,2413.69,2414.39,2413.32,2413.32,32.59
2026-08-22 23:01:00+00:00,2411.54,2414.39,2410.24,2413.99,348.63
2026-08-22 23:02:00+00:00,2413.99,2415.95,2413.83,2414.23,176.84
2026-08-22 23:03:00+00:00,2414.23,2415.32,2413.47,2414.73,183.37
2026-08-22 23:04:00+00:00,2414.73,2415.43,2414.14,2415.42,116.59
2026-08-22 23:05:00+00:00,2415.42,2416.39,2414.61,2414.74,262.08
2026-08-22 23:06:00+00:00,2414.74,2415.36,2414.19,2415.03,65.42
2026-08-22 23:07:00+00:00,2415.03,2415.58,2414.73,2415.12,43.58
2026-08-22 23:08:00+00:00,2415.12,2416.51,2415.0,2416.51,43.92
2026-08-22 23:09:00+00:00,2416.51,2416.69,2415.13,2415.3,74.0
2026-08-22 23:10:00+00:00,2415.3,2415.94,2414.31,2415.93,131.72
2026-08-22 23:11:00+00:00,2415.93,2416.4,2414.69,2415.43,171.75
2026-08-22 23:12:00+00:00,2415.43,2415.99,2415.0,2415.33,144.39
2026-08-22 23:13:00+00:00,2415.33,2415.33,2414.5,2414.61,326.14
2026-08-22 23:14:00+00:00,2413.72,2414.98,2413.17,2414.98,76.05
2026-08-22 23:15:00+00:00,2414.98,2415.61,2414.17,2415.6,41.88
2026-08-22 23:16:00+00:00,2415.6,2415.6,2413.71,2415.28,230.81
2026-08-22 23:17:00+00:00,2415.28,2415.84,2415.1,2415.82,67.01
2026-08-22 23:18:00+00:00,2415.82,2416.24,2415.11,2416.24,74.6
2026-08-22 23:19:00+00:00,2416.24,2416.61,2416.02,2416.53,29.06
2026-08-22 23:20:00+00:00,2416.53,2417.26,2416.28,2417.21,108.73
2026-08-22 23:21:00+00:00,2417.21,2417.9,2416.91,2417.79,61.85
2026-08-22 23:22:00+00:00,2417.79,2417.79,2416.5,2417.6,130.25
2026-08-22 23:23:00+00:00,2417.6,2419.93,2417.6,2419.53,379.45
2026-08-22 23:24:00+00:00,2419.53,2419.53,2417.61,2418.63,135.22
2026-08-22 23:25:00+00:00,2418.63,2418.93,2417.8,2418.16,327.38
2026-08-22 23:26:00+00:00,2418.16,2419.99,2418.16,2418.84,624.35
2026-08-22 23:27:00+00:00,2418.84,2418.84,2417.62,2418.43,127.84
2026-08-22 23:28:00+00:00,2418.43,2418.72,2416.79,2416.89,220.7
2026-08-22 23:29:00+00:00,2416.75,2417.29,2416.35,2417.29,20.55
2026-08-22 23:30:00+00:00,2417.31,2418.05,2417.31,2418.0,104.6
2026-08-22 23:31:00+00:00,2418.0,2418.2,2417.32,2418.2,113.93
2026-08-22 23:32:00+00:00,2418.2,2418.85,2417.08,2417.32,52.87
2026-08-22 23:33:00+00:00,2417.32,2417.55,2415.97,2416.48,225.48
2026-08-22 23:34:00+00:00,2416.48,2416.48,2414.98,2415.2,175.4
2026-08-22 23:35:00+00:00,2415.2,2416.59,2414.74,2416.33,72.03
2026-08-22 23:36:00+00:00,2416.33,2417.1,2415.06,2416.33,128.76
2026-08-22 23:37:00+00:00,2416.33,2418.97,2416.33,2418.73,286.69
2026-08-22 23:38:00+00:00,2418.73,2419.68,2417.88,2418.85,344.6
2026-08-22 23:39:00+00:00,2418.85,2420.81,2417.98,2419.96,1375.87
2026-08-22 23:40:00+00:00,2419.96,2420.88,2419.63,2420.13,178.19
2026-08-22 23:41:00+00:00,2420.13,2420.93,2419.71,2420.73,115.89
2026-08-22 23:42:00+00:00,2420.73,2421.51,2420.67,2421.51,487.93
2026-08-22 23:43:00+00:00,2421.51,2421.51,2420.59,2421.46,197.24
2026-08-22 23:44:00+00:00,2421.46,2421.5,2420.78,2420.78,64.98
2026-08-22 23:45:00+00:00,2420.78,2421.51,2420.36,2421.5,239.41
2026-08-22 23:46:00+00:00,2421.5,2422.16,2421.43,2422.07,288.54
2026-08-22 23:47:00+00:00,2422.07,2422.43,2421.73,2422.35,75.33
2026-08-22 23:48:00+00:00,2422.35,2423.37,2421.98,2422.59,230.33
2026-08-22 23:49:00+00:00,2422.59,2424.98,2422.56,2424.93,238.53
2026-08-22 23:50:00+00:00,2424.93,2426.84,2423.33,2424.99,565.42
2026-08-22 23:51:00+00:00,2424.99,2426.58,2424.77,2425.73,377.76
2026-08-22 23:52:00+00:00,2425.73,2426.85,2424.64,2424.64,744.54
2026-08-22 23:53:00+00:00,2424.64,2426.48,2424.5,2425.95,174.36
2026-08-22 23:54:00+00:00,2425.95,2425.95,2425.31,2425.59,45.86
2026-08-22 23:55:00+00:00,2425.59,2425.65,2424.5,2424.5,107.58
2026-08-22 23:56:00+00:00,2424.5,2424.5,2423.5,2423.84,182.63
2026-08-22 23:57:00+00:00,2423.84,2424.8,2423.83,2424.29,69.62
2026-08-22 23:58:00+00:00,2424.29,2424.29,2423.77,2423.92,46.06
2026-08-22 23:59:00+00:00,2423.92,2423.92,2422.3,2422.86,164.99
2026-08-23 00:00:00+00:00,2422.0,2423.87,2421.99,2423.59,207.0
2026-08-23 00:01:00+00:00,2423.59,2424.51,2423.21,2423.91,200.77
2026-08-23 00:02:00+00:00,2423.91,2425.19,2423.58,2424.69,175.45
2026-08-23 00:03:00+00:00,2424.69,2424.99,2423.07,2424.28,150.87
2026-08-23 00:04:00+00:00,2424.28,2424.28,2422.26,2423.14,468.8
2026-08-23 00:05:00+00:00,2423.14,2424.55,2422.42,2424.1,161.99
2026-08-23 00:06:00+00:00,2424.1,2424.25,2422.68,2423.06,84.08
2026-08-23 00:07:00+00:00,2423.06,2424.17,2423.06,2423.97,58.66
2026-08-23 00:08:00+00:00,2423.97,2424.17,2423.52,2423.68,50.17
2026-08-23 00:09:00+00:00,2423.68,2423.68,2422.17,2422.47,106.81
2026-08-23 00:10:00+00:00,2422.47,2422.57,2421.13,2421.31,162.69
2026-08-23 00:11:00+00:00,2421.31,2422.56,2420.57,2420.71,155.0
2026-08-23 00:12:00+00:00,2420.71,2421.12,2420.0,2420.46,270.16
2026-08-23 00:13:00+00:00,2420.46,2421.6,2419.04,2421.24,513.57
2026-08-23 00:14:00+00:00,2421.24,2421.7,2420.32,2420.32,154.43
2026-08-23 00:15:00+00:00,2420.32,2420.56,2419.14,2419.84,221.1
2026-08-23 00:16:00+00:00,2419.84,2420.72,2419.03,2419.48,189.59
2026-08-23 00:17:00+00:00,2419.48,2420.8,2419.38,2419.89,109.53
2026-08-23 00:18:00+00:00,2419.89,2421.95,2419.51,2421.94,44.24
2026-08-23 00:19:00+00:00,2421.94,2422.06,2420.05,2420.41,129.54
2026-08-23 00:20:00+00:00,2420.41,2421.55,2419.8,2419.8,88.17
2026-08-23 00:21:00+00:00,2419.8,2424.49,2419.8,2421.43,1782.75
2026-08-23 00:22:00+00:00,2421.43,2423.0,2421.1,2422.64,169.65
2026-08-23 00:23:00+00:00,2422.64,2424.33,2422.55,2424.03,165.35
2026-08-23 00:24:00+00:00,2424.03,2428.84,2423.52,2426.89,2266.7
2026-08-23 00:25:00+00:00,2426.89,2427.23,2424.52,2426.22,791.65
2026-08-23 00:26:00+00:00,2426.22,2427.45,2425.64,2427.18,276.0
2026-08-23 00:27:00+00:00,2427.18,2429.0,2426.79,2427.12,575.01
2026-08-23 00:28:00+00:00,2427.12,2428.83,2425.18,2425.67,797.79
2026-08-23 00:29:00+00:00,2425.67,2426.89,2425.67,2426.43,59.27
2026-08-23 00:30:00+00:00,2426.1,2427.6,2425.85,2427.24,270.98
2026-08-23 00:31:00+00:00,2427.24,2428.24,2425.66,2426.26,909.96
2026-08-23 00:32:00+00:00,2426.26,2427.07,2426.06,2426.53,175.04
2026-08-23 00:33:00+00:00,2426.53,2428.36,2426.35,2428.27,176.07
2026-08-23 00:34:00+00:00,2428.27,2428.34,2427.05,2427.05,281.53
2026-08-23 00:35:00+00:00,2427.05,2427.88,2426.75,2427.18,104.53
2026-08-23 00:36:00+00:00,2427.18,2427.42,2425.38,2426.95,305.52
2026-08-23 00:37:00+00:00,2426.95,2430.12,2426.33,2429.1,649.92
2026-08-23 00:38:00+00:00,2429.1,2433.65,2426.93,2429.31,2321.9
2026-08-23 00:39:00+00:00,2429.31,2430.66,2428.11,2429.57,304.89
2026-08-23 00:40:00+00:00,2429.57,2430.74,2427.44,2427.44,496.41
2026-08-23 00:41:00+00:00,2427.44,2428.34,2426.06,2426.53,207.28
2026-08-23 00:42:00+00:00,2426.53,2428.64,2426.53,2427.9,255.49
2026-08-23 00:43:00+00:00,2427.9,2428.58,2427.28,2428.58,137.77
2026-08-23 00:44:00+00:00,2428.58,2428.83,2427.36,2427.36,93.25
2026-08-23 00:45:00+00:00,2426.75,2426.89,2426.23,2426.72,74.1
2026-08-23 00:46:00+00:00,2427.95,2428.13,2425.92,2426.99,207.77
2026-08-23 00:47:00+00:00,2426.99,2427.95,2426.53,2427.94,130.18
2026-08-23 00:48:00+00:00,2427.94,2428.85,2427.41,2428.18,84.54
2026-08-23 00:49:00+00:00,2428.18,2432.89,2428.18,2430.62,2927.63
2026-08-23 00:50:00+00:00,2430.62,2430.62,2429.84,2429.94,145.46
2026-08-23 00:51:00+00:00,2429.94,2433.24,2429.94,2432.38,1375.31
2026-08-23 00:52:00+00:00,2432.38,2435.0,2432.38,2434.06,1011.63
2026-08-23 00:53:00+00:00,2434.06,2435.0,2433.15,2433.44,600.71
2026-08-23 00:54:00+00:00,2433.44,2433.73,2432.64,2433.63,223.43
2026-08-23 00:55:00+00:00,2433.63,2434.99,2432.7,2433.99,662.9
2026-08-23 00:56:00+00:00,2433.99,2433.99,2432.0,2433.04,784.9
2026-08-23 00:57:00+00:00,2433.04,2433.76,2432.69,2432.7,93.41
2026-08-23 00:58:00+00:00,2432.7,2434.2,2432.69,2433.83,211.09
2026-08-23 00:59:00+00:00,2433.83,2434.04,2428.19,2430.31,8950.44
2026-08-23 01:00:00+00:00,2430.31,2430.79,2428.29,2429.53,545.42
2026-08-23 01:01:00+00:00,2429.42,2429.79,2429.08,2429.09,19.76
2026-08-23 01:02:00+00:00,2429.49,2429.69,2428.2,2428.99,157.74
2026-08-23 01:03:00+00:00,2428.99,2428.99,2424.6,2427.09,3644.6
2026-08-23 01:04:00+00:00,2427.09,2427.09,2422.35,2424.41,4511.69
2026-08-23 01:05:00+00:00,2424.41,2428.0,2424.41,2427.99,480.08
2026-08-23 01:06:00+00:00,2427.99,2428.09,2426.0,2426.8,323.57
2026-08-23 01:07:00+00:00,2426.8,2426.95,2425.69,2426.12,134.34
2026-08-23 01:08:00+00:00,2426.12,2426.61,2423.62,2426.55,630.46
2026-08-23 01:09:00+00:00,2426.55,2427.36,2426.21,2426.5,190.39
2026-08-23 01:10:00+00:00,2426.5,2427.58,2426.5,2427.58,136.02
2026-08-23 01:11:00+00:00,2427.58,2427.69,2426.04,2426.23,145.46
2026-08-23 01:12:00+00:00,2426.23,2426.94,2425.28,2426.94,393.71
2026-08-23 01:13:00+00:00,2426.94,2428.0,2426.94,2428.0,85.58
2026-08-23 01:14:00+00:00,2428.0,2430.11,2428.0,2429.33,1123.44
2026-08-23 01:15:00+00:00,2429.33,2429.33,2429.01,2429.18,113.86
2026-08-23 01:16:00+00:00,2427.56,2427.56,2425.87,2425.99,214.19
2026-08-23 01:17:00+00:00,2425.99,2426.47,2425.15,2425.93,257.51
2026-08-23 01:18:00+00:00,2425.93,2426.05,2424.92,2425.02,48.05
2026-08-23 01:19:00+00:00,2425.02,2426.49,2425.02,2426.33,68.19
2026-08-23 01:20:00+00:00,2426.33,2430.13,2426.09,2429.3,2435.88
2026-08-23 01:21:00+00:00,2429.3,2429.31,2428.35,2428.35,96.46
2026-08-23 01:22:00+00:00,2428.35,2432.0,2428.08,2431.31,578.5
2026-08-23 01:23:00+00:00,2431.31,2432.35,2430.67,2430.67,189.58
2026-08-23 01:24:00+00:00,2430.67,2432.54,2430.64,2431.22,179.42
2026-08-23 01:25:00+00:00,2431.22,2431.22,2429.29,2429.87,339.8
2026-08-23 01:26:00+00:00,2429.87,2430.71,2429.87,2430.28,35.72
2026-08-23 01:27:00+00:00,2430.28,2430.29,2428.89,2428.89,52.58
2026-08-23 01:28:00+00:00,2428.89,2428.89,2428.21,2428.52,16.56
2026-08-23 01:29:00+00:00,2428.52,2429.32,2428.52,2429.32,29.54
2026-08-23 01:30:00+00:00,2429.32,2430.19,2429.32,2430.19,65.9
2026-08-23 01:31:00+00:00,2431.31,2432.58,2430.12,2430.12,628.93
2026-08-23 01:32:00+00:00,2430.12,2430.12,2427.1,2427.1,655.46
2026-08-23 01:33:00+00:00,2427.1,2427.6,2420.11,2420.4,4656.47
2026-08-23 01:34:00+00:00,2420.4,2424.06,2420.39,2424.06,370.61
2026-08-23 01:35:00+00:00,2424.06,2424.47,2422.79,2424.44,456.78
2026-08-23 01:36:00+00:00,2424.44,2424.73,2423.65,2424.73,168.7
2026-08-23 01:37:00+00:00,2424.73,2425.22,2424.03,2425.03,215.15
2026-08-23 01:38:00+00:00,2425.03,2426.24,2424.81,2425.07,385.85
2026-08-23 01:39:00+00:00,2425.07,2426.2,2425.06,2425.88,110.0
2026-08-23 01:40:00+00:00,2425.88,2427.01,2425.22,2425.24,161.86
2026-08-23 01:41:00+00:00,2425.24,2425.37,2424.08,2424.72,191.34
2026-08-23 01:42:00+00:00,2424.72,2424.72,2421.72,2422.02,252.15
2026-08-23 01:43:00+00:00,2422.02,2424.76,2422.02,2424.1,457.79
2026-08-23 01:44:00+00:00,2424.1,2426.62,2424.1,2425.7,155.79
2026-08-23 01:45:00+00:00,2425.7,2426.77,2424.81,2426.35,206.76
2026-08-23 01:46:00+00:00,2426.35,2427.28,2426.24,2427.2,24.57
2026-08-23 01:47:00+00:00,2427.96,2428.62,2426.25,2426.85,173.05
2026-08-23 01:48:00+00:00,2426.85,2426.86,2425.11,2425.42,88.52
2026-08-23 01:49:00+00:00,2425.42,2426.39,2425.42,2425.71,51.91
2026-08-23 01:50:00+00:00,2425.71,2427.11,2424.49,2427.11,420.27
2026-08-23 01:51:00+00:00,2427.11,2427.75,2426.51,2427.01,92.27
2026-08-23 01:52:00+00:00,2427.01,2429.0,2426.94,2428.48,42.37
2026-08-23 01:53:00+00:00,2428.48,2428.48,2426.77,2427.96,94.82
2026-08-23 01:54:00+00:00,2427.96,2429.0,2426.91,2427.94,562.76
2026-08-23 01:55:00+00:00,2427.94,2427.94,2425.91,2426.28,67.47
2026-08-23 01:56:00+00:00,2426.28,2426.41,2418.23,2420.77,4430.56
2026-08-23 01:57:00+00:00,2420.77,2422.13,2419.23,2420.82,1151.32
2026-08-23 01:58:00+00:00,2420.82,2422.6,2419.5,2422.6,792.85
2026-08-23 01:59:00+00:00,2422.6,2422.99,2421.68,2422.36,116.7
2026-08-23 02:00:00+00:00,2422.36,2422.77,2421.67,2421.7,120.18
2026-08-23 02:01:00+00:00,2421.7,2423.19,2421.7,2422.71,131.34
2026-08-23 02:02:00+00:00,2422.71,2423.82,2421.49,2421.6,852.01
2026-08-23 02:03:00+00:00,2421.6,2423.06,2421.3,2422.1,236.79
2026-08-23 02:04:00+00:00,2422.1,2422.1,2419.82,2420.02,298.22
2026-08-23 02:05:00+00:00,2420.02,2420.1,2419.14,2419.45,173.51
2026-08-23 02:06:00+00:00,2419.45,2419.99,2416.89,2419.83,1346.93
2026-08-23 02:07:00+00:00,2419.83,2420.11,2418.98,2419.36,232.95
2026-08-23 02:08:00+00:00,2419.36,2420.19,2419.13,2419.49,224.76
2026-08-23 02:09:00+00:00,2419.49,2420.34,2417.91,2418.32,400.95
2026-08-23 02:10:00+00:00,2418.32,2418.68,2417.1,2417.43,327.02
2026-08-23 02:11:00+00:00,2417.43,2417.95,2416.88,2416.88,299.54
2026-08-23 02:12:00+00:00,2416.88,2419.12,2416.88,2418.4,293.11
2026-08-23 02:13:00+00:00,2418.4,2419.13,2418.05,2419.12,135.19
2026-08-23 02:14:00+00:00,2419.12,2419.12,2412.6,2412.81,2427.48
2026-08-23 02:15:00+00:00,2412.81,2417.92,2412.6,2416.6,949.03
2026-08-23 02:16:00+00:00,2416.82,2417.66,2416.82,2417.49,28.64
2026-08-23 02:17:00+00:00,2418.03,2418.88,2417.92,2418.35,116.16
2026-08-23 02:18:00+00:00,2418.35,2418.81,2417.81,2417.81,79.84
2026-08-23 02:19:00+00:00,2417.81,2417.82,2415.73,2415.84,252.49
2026-08-23 02:20:00+00:00,2415.84,2416.37,2415.42,2415.42,390.4
2026-08-23 02:21:00+00:00,2415.42,2415.42,2413.06,2414.0,905.52
2026-08-23 02:22:00+00:00,2414.0,2414.41,2411.36,2412.43,876.85
2026-08-23 02:23:00+00:00,2412.43,2412.61,2406.38,2410.73,3712.61
2026-08-23 02:24:00+00:00,2410.73,2412.22,2409.89,2412.21,369.45
2026-08-23 02:25:00+00:00,2412.21,2414.87,2412.21,2414.28,629.61
2026-08-23 02:26:00+00:00,2414.28,2415.53,2414.28,2414.71,102.69
2026-08-23 02:27:00+00:00,2414.71,2414.85,2413.21,2414.48,186.75
2026-08-23 02:28:00+00:00,2414.48,2414.67,2413.74,2414.41,135.43
2026-08-23 02:29:00+00:00,2414.41,2415.13,2414.09,2415.13,146.08
2026-08-23 02:30:00+00:00,2415.13,2415.92,2414.34,2415.55,240.62
2026-08-23 02:31:00+00:00,2415.55,2417.44,2415.46,2417.43,203.1
2026-08-23 02:32:00+00:00,2417.56,2418.13,2417.56,2418.12,21.79
2026-08-23 02:33:00+00:00,2418.55,2419.24,2418.32,2419.11,177.24
2026-08-23 02:34:00+00:00,2419.11,2419.53,2418.81,2419.04,79.43
2026-08-23 02:35:00+00:00,2419.04,2419.4,2417.88,2418.34,133.82
2026-08-23 02:36:00+00:00,2418.34,2418.35,2417.1,2417.71,168.58
2026-08-23 02:37:00+00:00,2417.71,2420.11,2417.0,2419.22,325.57
2026-08-23 02:38:00+00:00,2419.22,2419.56,2418.17,2418.55,210.09
2026-08-23 02:39:00+00:00,2418.55,2418.79,2418.29,2418.3,22.25
2026-08-23 02:40:00+00:00,2418.3,2419.29,2418.3,2418.56,80.92
2026-08-23 02:41:00+00:00,2418.56,2419.37,2418.32,2418.33,88.65
2026-08-23 02:42:00+00:00,2418.33,2418.87,2417.01,2417.66,232.03
2026-08-23 02:43:00+00:00,2417.66,2417.83,2417.41,2417.83,33.8
2026-08-23 02:44:00+00:00,2417.83,2418.15,2417.64,2418.15,99.43
2026-08-23 02:45:00+00:00,2418.15,2419.16,2417.27,2418.83,169.46
2026-08-23 02:46:00+00:00,2418.83,2418.86,2417.79,2418.75,99.04
2026-08-23 02:47:00+00:00,2418.75,2419.1,2418.28,2419.09,37.77
2026-08-23 02:48:00+00:00,2420.2,2420.97,2420.2,2420.69,143.38
2026-08-23 02:49:00+00:00,2420.69,2421.58,2420.03,2420.03,154.89
2026-08-23 02:50:00+00:00,2420.03,2420.31,2417.75,2418.21,321.22
2026-08-23 02:51:00+00:00,2418.21,2418.21,2417.26,2417.63,136.57
2026-08-23 02:52:00+00:00,2417.63,2423.83,2416.69,2419.09,3790.7
2026-08-23 02:53:00+00:00,2419.09,2419.98,2416.16,2416.17,191.37
2026-08-23 02:54:00+00:00,2416.17,2416.74,2414.63,2415.84,1240.78
2026-08-23 02:55:00+00:00,2415.84,2416.66,2415.22,2415.32,230.0
2026-08-23 02:56:00+00:00,2415.32,2416.72,2415.32,2416.18,197.99
2026-08-23 02:57:00+00:00,2416.18,2417.06,2416.08,2416.44,518.4
2026-08-23 02:58:00+00:00,2416.44,2416.64,2415.96,2415.96,154.44
2026-08-23 02:59:00+00:00,2415.96,2416.63,2415.64,2416.19,159.48
2026-08-23 03:00:00+00:00,2416.19,2416.7,2416.02,2416.18,82.66
2026-08-23 03:01:00+00:00,2416.18,2417.15,2414.95,2415.64,217.85
2026-08-23 03:02:00+00:00,2415.64,2417.22,2415.64,2416.35,201.64
2026-08-23 03:03:00+00:00,2416.35,2417.46,2415.57,2415.62,212.86
2026-08-23 03:04:00+00:00,2415.4,2416.1,2414.59,2415.43,124.79
2026-08-23 03:05:00+00:00,2415.43,2415.62,2414.6,2415.4,111.64
2026-08-23 03:06:00+00:00,2415.4,2415.7,2414.59,2414.6,98.31
2026-08-23 03:07:00+00:00,2414.6,2415.13,2414.32,2414.32,175.8
2026-08-23 03:08:00+00:00,2414.32,2414.32,2412.68,2412.79,502.48
2026-08-23 03:09:00+00:00,2412.79,2413.84,2412.32,2413.78,166.0
2026-08-23 03:10:00+00:00,2413.78,2414.04,2412.28,2413.35,150.1
2026-08-23 03:11:00+00:00,2413.35,2414.48,2412.77,2413.22,375.6
2026-08-23 03:12:00+00:00,2413.22,2414.47,2413.01,2414.05,188.18
2026-08-23 03:13:00+00:00,2414.05,2416.47,2414.05,2416.47,185.39
2026-08-23 03:14:00+00:00,2416.47,2417.56,2415.86,2416.43,119.38
2026-08-23 03:15:00+00:00,2416.43,2416.9,2415.02,2415.89,159.33
2026-08-23 03:16:00+00:00,2415.89,2417.68,2415.48,2416.71,375.61
2026-08-23 03:17:00+00:00,2416.71,2418.37,2416.22,2417.64,55.36
2026-08-23 03:18:00+00:00,2417.64,2418.62,2416.62,2417.62,646.24
2026-08-23 03:19:00+00:00,2417.62,2418.07,2416.21,2416.21,106.23
2026-08-23 03:20:00+00:00,2416.21,2416.21,2414.17,2414.53,161.55
2026-08-23 03:21:00+00:00,2414.53,2414.93,2413.41,2413.98,895.64
2026-08-23 03:22:00+00:00,2413.98,2415.0,2412.4,2415.0,444.32
2026-08-23 03:23:00+00:00,2415.0,2415.37,2411.78,2412.12,349.99
2026-08-23 03:24:00+00:00,2412.12,2413.25,2411.25,2412.38,365.5
2026-08-23 03:25:00+00:00,2412.38,2413.9,2412.38,2413.72,209.74
2026-08-23 03:26:00+00:00,2413.72,2414.33,2413.57,2414.15,72.41
2026-08-23 03:27:00+00:00,2414.15,2414.55,2413.29,2413.51,525.02
2026-08-23 03:28:00+00:00,2413.51,2414.07,2413.34,2413.62,88.04
2026-08-23 03:29:00+00:00,2413.62,2413.62,2412.43,2412.54,89.32
2026-08-23 03:30:00+00:00,2412.54,2412.89,2410.13,2410.13,348.5
2026-08-23 03:31:00+00:00,2410.13,2410.61,2408.2,2408.5,582.14
2026-08-23 03:32:00+00:00,2408.5,2410.92,2408.5,2410.65,362.69
2026-08-23 03:33:00+00:00,2410.01,2410.72,2410.0,2410.15,82.39
2026-08-23 03:34:00+00:00,2408.52,2411.07,2408.52,2410.21,232.12
2026-08-23 03:35:00+00:00,2410.21,2410.96,2409.19,2410.1,181.95
2026-08-23 03:36:00+00:00,2410.1,2411.6,2409.81,2410.31,185.75
2026-08-23 03:37:00+00:00,2410.31,2411.95,2410.21,2411.41,213.53
2026-08-23 03:38:00+00:00,2411.41,2412.24,2410.7,2412.01,145.56
2026-08-23 03:39:00+00:00,2412.01,2412.41,2409.4,2409.97,389.88
2026-08-23 03:40:00+00:00,2409.97,2410.48,2407.92,2409.21,520.71
2026-08-23 03:41:00+00:00,2409.21,2410.74,2409.21,2409.86,138.34
2026-08-23 03:42:00+00:00,2409.86,2409.86,2408.45,2408.51,195.29
2026-08-23 03:43:00+00:00,2408.51,2409.23,2408.38,2408.7,298.43
2026-08-23 03:44:00+00:00,2408.7,2409.53,2407.89,2409.37,784.46
2026-08-23 03:45:00+00:00,2409.37,2411.5,2409.08,2411.5,186.83
2026-08-23 03:46:00+00:00,2411.5,2412.49,2411.1,2412.04,343.33
2026-08-23 03:47:00+00:00,2412.04,2412.37,2410.45,2411.05,386.7
2026-08-23 03:48:00+00:00,2411.05,2412.29,2410.4,2411.71,74.67
2026-08-23 03:49:00+00:00,2411.96,2413.42,2411.92,2413.12,330.27
2026-08-23 03:50:00+00:00,2413.12,2413.38,2411.99,2412.34,470.18
2026-08-23 03:51:00+00:00,2412.34,2412.9,2411.76,2411.83,42.26
2026-08-23 03:52:00+00:00,2411.83,2412.81,2411.83,2412.8,71.36
2026-08-23 03:53:00+00:00,2412.8,2413.8,2412.2,2413.58,47.04
2026-08-23 03:54:00+00:00,2413.58,2414.45,2413.5,2413.5,179.58
2026-08-23 03:55:00+00:00,2413.5,2413.78,2412.57,2412.74,208.42
2026-08-23 03:56:00+00:00,2412.74,2413.59,2411.85,2413.24,241.69
2026-08-23 03:57:00+00:00,2413.24,2413.59,2412.41,2413.34,54.55
2026-08-23 03:58:00+00:00,2413.34,2413.98,2412.92,2413.41,100.76
2026-08-23 03:59:00+00:00,2413.41,2413.45,2412.97,2413.44,33.87
2026-08-23 04:00:00+00:00,2413.44,2414.3,2412.92,2413.23,270.27
2026-08-23 04:01:00+00:00,2413.23,2415.71,2412.7,2415.71,280.35
2026-08-23 04:02:00+00:00,2415.71,2416.7,2413.35,2413.44,646.25
2026-08-23 04:03:00+00:00,2413.44,2413.44,2411.47,2411.98,183.28
2026-08-23 04:04:00+00:00,2411.86,2411.86,2411.85,2411.85,0.23
2026-08-23 04:05:00+00:00,2408.64,2410.04,2407.97,2408.5,1927.77
2026-08-23 04:06:00+00:00,2408.5,2411.77,2407.43,2410.26,2614.9
2026-08-23 04:07:00+00:00,2410.26,2410.38,2407.09,2408.2,1886.63
2026-08-23 04:08:00+00:00,2408.2,2408.32,2400.93,2405.56,8679.3
2026-08-23 04:09:00+00:00,2405.56,2407.39,2403.53,2406.49,2255.49
2026-08-23 04:10:00+00:00,2406.49,2408.81,2405.92,2408.81,846.93
2026-08-23 04:11:00+00:00,2408.81,2409.5,2407.19,2407.59,202.04
2026-08-23 04:12:00+00:00,2407.59,2409.59,2407.59,2409.59,210.45
2026-08-23 04:13:00+00:00,2409.59,2412.0,2408.5,2411.91,673.8
2026-08-23 04:14:00+00:00,2411.91,2414.5,2411.91,2413.83,668.21
2026-08-23 04:15:00+00:00,2413.83,2415.98,2412.55,2412.55,1389.26
2026-08-23 04:16:00+00:00,2412.55,2413.53,2411.28,2413.53,630.01
2026-08-23 04:17:00+00:00,2413.53,2414.36,2411.73,2411.78,320.99
2026-08-23 04:18:00+00:00,2411.78,2411.78,2411.48,2411.78,11.97
2026-08-23 04:19:00+00:00,2409.21,2409.21,2405.56,2405.63,2617.05
2026-08-23 04:20:00+00:00,2405.63,2406.96,2404.21,2404.79,2727.79
2026-08-23 04:21:00+00:00,2404.79,2406.77,2402.27,2404.56,5916.76
2026-08-23 04:22:00+00:00,2404.56,2406.96,2404.55,2406.38,735.79
2026-08-23 04:23:00+00:00,2406.38,2408.05,2406.26,2407.59,486.73
2026-08-23 04:24:00+00:00,2407.59,2409.17,2407.2,2409.17,196.58
2026-08-23 04:25:00+00:00,2409.17,2410.65,2409.17,2409.42,307.61
2026-08-23 04:26:00+00:00,2409.42,2410.56,2409.42,2410.56,272.65
2026-08-23 04:27:00+00:00,2410.56,2411.37,2410.0,2410.16,242.82
2026-08-23 04:28:00+00:00,2410.16,2411.39,2408.67,2410.48,502.23
2026-08-23 04:29:00+00:00,2410.48,2410.59,2410.0,2410.0,76.52
2026-08-23 04:30:00+00:00,2410.0,2410.35,2408.2,2408.23,96.65
2026-08-23 04:31:00+00:00,2408.23,2408.23,2406.7,2407.51,123.44
2026-08-23 04:32:00+00:00,2407.51,2407.62,2405.75,2405.86,277.81
2026-08-23 04:33:00+00:00,2405.86,2406.33,2405.86,2406.32,51.62
2026-08-23 04:34:00+00:00,2405.06,2405.06,2404.26,2404.47,24.84
2026-08-23 04:35:00+00:00,2404.29,2404.73,2401.58,2402.31,616.52
2026-08-23 04:36:00+00:00,2402.31,2403.8,2401.0,2403.8,641.6
2026-08-23 04:37:00+00:00,2403.8,2404.69,2402.2,2404.29,367.58
2026-08-23 04:38:00+00:00,2404.29,2405.21,2403.86,2404.87,226.18
2026-08-23 04:39:00+00:00,2404.87,2406.05,2404.24,2405.5,315.03
2026-08-23 04:40:00+00:00,2405.5,2406.57,2405.31,2406.27,414.48
2026-08-23 04:41:00+00:00,2406.27,2406.9,2403.33,2404.5,793.54
2026-08-23 04:42:00+00:00,2404.5,2405.15,2402.23,2402.71,263.63
2026-08-23 04:43:00+00:00,2402.71,2403.71,2402.67,2403.6,242.95
2026-08-23 04:44:00+00:00,2403.6,2403.6,2401.5,2402.27,301.03
2026-08-23 04:45:00+00:00,2402.27,2402.96,2389.65,2394.62,7958.63
2026-08-23 04:46:00+00:00,2394.62,2397.07,2390.97,2396.48,3585.48
2026-08-23 04:47:00+00:00,2396.48,2396.88,2391.8,2391.8,1333.38
2026-08-23 04:48:00+00:00,2391.8,2392.86,2370.7,2371.14,32396.9
2026-08-23 04:49:00+00:00,2371.14,2376.5,2371.14,2374.78,3309.06
2026-08-23 04:50:00+00:00,2375.01,2384.65,2374.5,2381.85,3736.58
2026-08-23 04:51:00+00:00,2381.85,2389.32,2381.85,2383.8,1996.49
2026-08-23 04:52:00+00:00,2383.8,2384.57,2382.5,2384.57,587.67
2026-08-23 04:53:00+00:00,2384.57,2387.26,2384.22,2386.3,1164.03
2026-08-23 04:54:00+00:00,2386.3,2387.0,2385.0,2385.63,1588.82
2026-08-23 04:55:00+00:00,2385.63,2386.98,2383.25,2384.16,1117.0
2026-08-23 04:56:00+00:00,2384.16,2384.58,2383.17,2384.03,341.97
2026-08-23 04:57:00+00:00,2384.03,2385.31,2382.5,2382.65,757.31
2026-08-23 04:58:00+00:00,2382.65,2384.37,2381.07,2381.07,1301.19
2026-08-23 04:59:00+00:00,2381.07,2381.87,2377.18,2378.15,3442.38
2026-08-23 05:00:00+00:00,2378.15,2384.43,2376.21,2380.92,2995.63
2026-08-23 05:01:00+00:00,2380.92,2383.36,2380.0,2380.49,1705.2
2026-08-23 05:02:00+00:00,2380.49,2381.43,2373.78,2374.78,1870.23
2026-08-23 05:03:00+00:00,2374.78,2377.2,2372.49,2375.66,2691.93
2026-08-23 05:04:00+00:00,2375.66,2380.71,2374.36,2377.76,1939.71
2026-08-23 05:05:00+00:00,2377.76,2380.67,2377.58,2377.89,443.12
2026-08-23 05:06:00+00:00,2378.41,2378.98,2376.03,2378.81,623.15
2026-08-23 05:07:00+00:00,2378.81,2379.72,2375.65,2376.82,1411.27
2026-08-23 05:08:00+00:00,2376.82,2377.71,2364.75,2367.16,5270.61
2026-08-23 05:09:00+00:00,2367.16,2372.79,2361.34,2372.1,4828.15
2026-08-23 05:10:00+00:00,2372.1,2377.08,2370.86,2373.84,4296.29
2026-08-23 05:11:00+00:00,2373.84,2375.16,2371.01,2375.15,1659.79
2026-08-23 05:12:00+00:00,2375.15,2375.84,2373.67,2375.77,580.56
2026-08-23 05:13:00+00:00,2375.77,2377.05,2374.36,2374.5,482.08
2026-08-23 05:14:00+00:00,2374.5,2374.68,2365.0,2365.8,2808.12
2026-08-23 05:15:00+00:00,2365.8,2369.13,2365.22,2368.32,1949.55
2026-08-23 05:16:00+00:00,2368.32,2371.21,2361.2,2361.67,5052.45
2026-08-23 05:17:00+00:00,2361.67,2363.63,2355.16,2362.34,9595.37
2026-08-23 05:18:00+00:00,2362.34,2373.79,2361.3,2371.68,3812.1
2026-08-23 05:19:00+00:00,2371.68,2374.03,2371.22,2373.79,258.65
2026-08-23 05:20:00+00:00,2379.3,2380.99,2375.7,2377.59,3936.82
2026-08-23 05:21:00+00:00,2377.59,2381.76,2377.49,2378.87,4593.56
2026-08-23 05:22:00+00:00,2378.87,2381.72,2377.75,2380.94,5079.56
2026-08-23 05:23:00+00:00,2380.94,2383.31,2379.88,2383.03,2069.27
2026-08-23 05:24:00+00:00,2383.03,2385.52,2380.71,2384.05,4038.87
2026-08-23 05:25:00+00:00,2384.05,2387.55,2383.65,2384.29,2890.8
2026-08-23 05:26:00+00:00,2384.29,2384.29,2380.15,2381.52,854.2
2026-08-23 05:27:00+00:00,2381.52,2384.38,2381.3,2383.07,1215.11
2026-08-23 05:28:00+00:00,2383.07,2385.38,2382.5,2382.65,1473.94
2026-08-23 05:29:00+00:00,2382.65,2383.14,2379.94,2380.06,301.8
2026-08-23 05:30:00+00:00,2380.06,2384.16,2379.58,2380.4,632.38
2026-08-23 05:31:00+00:00,2380.4,2381.75,2379.06,2380.48,407.43
2026-08-23 05:32:00+00:00,2380.48,2383.03,2379.84,2381.75,652.94
2026-08-23 05:33:00+00:00,2381.75,2382.79,2379.16,2382.53,359.13
2026-08-23 05:34:00+00:00,2382.53,2382.94,2379.09,2380.67,947.71
2026-08-23 05:35:00+00:00,2380.67,2382.99,2379.59,2382.17,258.32
2026-08-23 05:36:00+00:00,2382.17,2382.17,2376.5,2377.41,1312.47
2026-08-23 05:37:00+00:00,2377.41,2379.3,2376.57,2376.58,1289.81
2026-08-23 05:38:00+00:00,2376.58,2377.66,2373.75,2375.27,1963.6
2026-08-23 05:39:00+00:00,2375.27,2375.66,2372.7,2375.3,549.59
2026-08-23 05:40:00+00:00,2375.3,2377.54,2373.28,2375.37,734.95
2026-08-23 05:41:00+00:00,2375.37,2379.18,2375.11,2377.54,870.39
2026-08-23 05:42:00+00:00,2377.54,2379.47,2376.82,2376.82,627.4
2026-08-23 05:43:00+00:00,2376.82,2377.05,2375.81,2375.88,193.37
2026-08-23 05:44:00+00:00,2375.88,2376.75,2374.08,2376.51,345.15
2026-08-23 05:45:00+00:00,2376.51,2377.92,2376.02,2376.16,692.82
2026-08-23 05:46:00+00:00,2376.16,2378.38,2375.66,2376.66,860.78
2026-08-23 05:47:00+00:00,2376.66,2376.66,2374.86,2375.34,367.61
2026-08-23 05:48:00+00:00,2375.34,2375.99,2374.61,2375.34,258.62
2026-08-23 05:49:00+00:00,2375.34,2376.99,2375.34,2376.15,272.6
2026-08-23 05:50:00+00:00,2376.15,2378.24,2375.82,2376.21,292.65
2026-08-23 05:51:00+00:00,2376.21,2377.08,2375.0,2375.0,430.73
2026-08-23 05:52:00+00:00,2375.0,2375.7,2373.04,2375.24,318.68
2026-08-23 05:53:00+00:00,2375.24,2376.33,2374.55,2376.16,245.54
2026-08-23 05:54:00+00:00,2376.16,2376.58,2375.69,2376.45,91.35
2026-08-23 05:55:00+00:00,2376.45,2376.89,2374.53,2376.03,124.99
2026-08-23 05:56:00+00:00,2376.03,2376.41,2374.97,2375.31,319.67
2026-08-23 05:57:00+00:00,2375.31,2376.18,2375.17,2375.72,231.01
2026-08-23 05:58:00+00:00,2375.72,2375.72,2374.87,2375.52,81.5
2026-08-23 05:59:00+00:00,2375.52,2375.55,2372.98,2372.99,562.1
2026-08-23 06:00:00+00:00,2372.99,2375.28,2372.32,2373.42,1149.96
2026-08-23 06:01:00+00:00,2373.42,2373.42,2370.84,2372.24,1191.49
2026-08-23 06:02:00+00:00,2372.24,2374.8,2370.1,2374.55,1784.04
2026-08-23 06:03:00+00:00,2374.55,2375.33,2373.18,2373.29,224.98
2026-08-23 06:04:00+00:00,2373.29,2376.0,2372.78,2375.27,364.09
2026-08-23 06:05:00+00:00,2375.27,2376.28,2374.33,2375.06,185.22
2026-08-23 06:06:00+00:00,2375.06,2375.06,2372.73,2373.75,243.01
2026-08-23 06:07:00+00:00,2373.75,2375.09,2372.35,2372.36,381.8
2026-08-23 06:08:00+00:00,2372.36,2372.74,2370.0,2371.63,1484.13
2026-08-23 06:09:00+00:00,2371.63,2372.18,2370.06,2370.8,860.08
2026-08-23 06:10:00+00:00,2370.8,2372.0,2370.0,2371.87,530.72
2026-08-23 06:11:00+00:00,2371.87,2373.96,2371.36,2371.36,915.27
2026-08-23 06:12:00+00:00,2371.36,2374.34,2371.35,2373.88,212.77
2026-08-23 06:13:00+00:00,2373.88,2377.78,2373.1,2375.9,2615.31
2026-08-23 06:14:00+00:00,2375.9,2380.85,2375.9,2379.21,1973.8
2026-08-23 06:15:00+00:00,2379.21,2384.43,2378.04,2382.36,2287.24
2026-08-23 06:16:00+00:00,2382.36,2386.03,2382.0,2383.12,6110.81
2026-08-23 06:17:00+00:00,2383.12,2385.54,2382.24,2384.31,1680.27
2026-08-23 06:18:00+00:00,2384.31,2384.87,2383.16,2384.72,620.93
2026-08-23 06:19:00+00:00,2384.72,2389.0,2384.07,2388.13,1084.9
2026-08-23 06:20:00+00:00,2388.13,2388.14,2386.82,2387.6,453.46
2026-08-23 06:21:00+00:00,2389.67,2389.67,2385.73,2387.41,710.37
2026-08-23 06:22:00+00:00,2387.41,2394.6,2386.37,2388.73,7744.88
2026-08-23 06:23:00+00:00,2388.73,2391.14,2388.47,2389.45,474.5
2026-08-23 06:24:00+00:00,2389.45,2389.76,2388.47,2389.07,165.41
2026-08-23 06:25:00+00:00,2389.07,2389.2,2386.99,2387.66,864.86
2026-08-23 06:26:00+00:00,2387.66,2388.55,2386.89,2387.31,248.07
2026-08-23 06:27:00+00:00,2387.31,2387.35,2385.0,2386.4,1839.07
2026-08-23 06:28:00+00:00,2386.4,2390.09,2385.0,2388.22,5189.39
2026-08-23 06:29:00+00:00,2388.22,2390.77,2388.15,2389.75,1011.64
2026-08-23 06:30:00+00:00,2389.75,2392.99,2389.44,2390.38,1125.51
2026-08-23 06:31:00+00:00,2390.38,2392.84,2390.38,2392.55,484.28
2026-08-23 06:32:00+00:00,2392.55,2395.53,2392.32,2393.76,1650.08
2026-08-23 06:33:00+00:00,2393.76,2397.42,2393.63,2394.5,904.59
2026-08-23 06:34:00+00:00,2394.5,2394.5,2393.15,2393.32,357.48
2026-08-23 06:35:00+00:00,2393.32,2393.82,2392.82,2393.01,140.98
2026-08-23 06:36:00+00:00,2393.01,2393.23,2391.07,2391.89,931.63
2026-08-23 06:37:00+00:00,2391.89,2392.04,2390.31,2390.41,335.12
2026-08-23 06:38:00+00:00,2390.41,2390.41,2389.08,2389.24,357.36
2026-08-23 06:39:00+00:00,2389.24,2389.38,2386.96,2388.96,825.5
2026-08-23 06:40:00+00:00,2388.96,2391.7,2388.96,2391.69,443.17
2026-08-23 06:41:00+00:00,2391.69,2393.43,2391.49,2392.11,316.44
2026-08-23 06:42:00+00:00,2392.11,2393.51,2391.57,2392.81,231.27
2026-08-23 06:43:00+00:00,2392.81,2393.08,2391.07,2391.3,216.33
2026-08-23 06:44:00+00:00,2391.3,2393.0,2391.14,2391.74,134.58
2026-08-23 06:45:00+00:00,2391.74,2392.31,2390.02,2390.15,93.01
2026-08-23 06:46:00+00:00,2390.15,2392.84,2389.86,2392.66,263.55
2026-08-23 06:47:00+00:00,2392.66,2392.74,2391.08,2392.04,109.68
2026-08-23 06:48:00+00:00,2392.04,2392.15,2390.18,2390.49,303.54
2026-08-23 06:49:00+00:00,2390.49,2390.49,2388.2,2389.7,624.28
2026-08-23 06:50:00+00:00,2389.7,2390.05,2388.27,2389.89,285.51
2026-08-23 06:51:00+00:00,2389.89,2390.07,2388.33,2388.34,425.24
2026-08-23 06:52:00+00:00,2388.34,2389.96,2388.22,2388.88,956.83
2026-08-23 06:53:00+00:00,2388.88,2389.49,2387.81,2388.08,564.3
2026-08-23 06:54:00+00:00,2388.08,2388.08,2386.43,2387.23,291.45
2026-08-23 06:55:00+00:00,2387.23,2388.28,2386.0,2386.0,263.86
2026-08-23 06:56:00+00:00,2386.0,2386.55,2385.38,2385.93,250.36
2026-08-23 06:57:00+00:00,2385.93,2387.73,2385.73,2387.33,280.43
2026-08-23 06:58:00+00:00,2387.33,2387.33,2385.01,2386.19,707.19
2026-08-23 06:59:00+00:00,2386.19,2389.45,2386.18,2389.34,629.11
2026-08-23 07:00:00+00:00,2389.34,2389.34,2387.43,2387.73,428.7
2026-08-23 07:01:00+00:00,2387.73,2389.24,2386.9,2389.15,160.92
2026-08-23 07:02:00+00:00,2389.15,2390.15,2388.73,2389.17,341.17
2026-08-23 07:03:00+00:00,2389.17,2389.29,2387.08,2387.23,397.38
2026-08-23 07:04:00+00:00,2387.23,2389.65,2387.15,2389.65,150.33
2026-08-23 07:05:00+00:00,2389.65,2391.87,2389.12,2391.47,408.95
2026-08-23 07:06:00+00:00,2391.47,2393.51,2391.33,2393.19,559.88
2026-08-23 07:07:00+00:00,2393.19,2394.47,2392.3,2393.14,902.01
2026-08-23 07:08:00+00:00,2393.14,2393.4,2391.43,2391.7,372.16
2026-08-23 07:09:00+00:00,2391.7,2392.76,2391.5,2392.09,101.39
2026-08-23 07:10:00+00:00,2392.09,2393.0,2391.8,2392.08,75.82
2026-08-23 07:11:00+00:00,2392.08,2393.02,2391.89,2392.94,151.39
2026-08-23 07:12:00+00:00,2392.94,2394.97,2392.49,2394.66,593.51
2026-08-23 07:13:00+00:00,2394.66,2396.82,2394.34,2395.14,488.91
2026-08-23 07:14:00+00:00,2395.14,2395.14,2394.01,2394.28,230.28
2026-08-23 07:15:00+00:00,2394.28,2396.9,2393.87,2395.82,907.1
2026-08-23 07:16:00+00:00,2395.82,2397.7,2395.56,2396.0,1144.34
2026-08-23 07:17:00+00:00,2396.0,2396.33,2395.44,2396.17,137.15
2026-08-23 07:18:00+00:00,2396.17,2396.92,2395.45,2395.48,465.38
2026-08-23 07:19:00+00:00,2395.48,2396.84,2395.48,2396.1,314.39
2026-08-23 07:20:00+00:00,2396.1,2396.24,2395.35,2395.42,185.07
2026-08-23 07:21:00+00:00,2393.9,2394.1,2391.47,2391.84,863.54
2026-08-23 07:22:00+00:00,2391.84,2393.46,2391.31,2393.04,464.75
2026-08-23 07:23:00+00:00,2393.04,2394.02,2393.04,2393.77,121.62
2026-08-23 07:24:00+00:00,2393.77,2394.02,2392.96,2392.96,237.05
2026-08-23 07:25:00+00:00,2392.96,2395.25,2392.96,2395.12,112.98
2026-08-23 07:26:00+00:00,2395.12,2395.12,2393.81,2394.28,93.19
2026-08-23 07:27:00+00:00,2394.28,2394.85,2391.27,2393.01,4328.67
2026-08-23 07:28:00+00:00,2393.01,2393.02,2391.67,2392.9,337.06
2026-08-23 07:29:00+00:00,2392.9,2393.02,2392.26,2392.41,103.28
2026-08-23 07:30:00+00:00,2392.41,2392.65,2391.59,2392.25,232.35
2026-08-23 07:31:00+00:00,2392.25,2392.25,2390.23,2390.97,175.81
2026-08-23 07:32:00+00:00,2390.97,2392.23,2390.97,2392.02,192.23
2026-08-23 07:33:00+00:00,2392.02,2392.02,2390.92,2391.19,260.65
2026-08-23 07:34:00+00:00,2391.19,2391.19,2389.0,2389.01,372.47
2026-08-23 07:35:00+00:00,2389.01,2389.83,2388.03,2389.72,745.58
2026-08-23 07:36:00+00:00,2389.72,2390.23,2388.76,2390.23,240.8
2026-08-23 07:37:00+00:00,2390.23,2390.23,2388.25,2388.58,592.98
2026-08-23 07:38:00+00:00,2388.58,2388.89,2387.75,2388.26,239.02
2026-08-23 07:39:00+00:00,2388.26,2390.53,2388.25,2390.25,987.53
2026-08-23 07:40:00+00:00,2390.25,2390.96,2388.72,2388.9,452.44
2026-08-23 07:41:00+00:00,2388.9,2389.33,2388.43,2389.33,203.87
2026-08-23 07:42:00+00:00,2389.33,2389.55,2388.36,2389.25,249.5
2026-08-23 07:43:00+00:00,2389.25,2389.27,2388.37,2388.8,241.93
2026-08-23 07:44:00+00:00,2388.8,2389.96,2388.74,2388.97,576.78
2026-08-23 07:45:00+00:00,2388.97,2391.03,2388.51,2388.6,628.38
2026-08-23 07:46:00+00:00,2388.6,2389.09,2387.11,2388.55,518.3
2026-08-23 07:47:00+00:00,2388.55,2388.87,2388.28,2388.73,237.19
2026-08-23 07:48:00+00:00,2388.73,2388.82,2387.61,2388.59,322.5
2026-08-23 07:49:00+00:00,2388.59,2389.92,2388.59,2389.92,261.55
2026-08-23 07:50:00+00:00,2389.92,2390.07,2388.47,2389.08,567.53
2026-08-23 07:51:00+00:00,2389.08,2391.17,2389.07,2390.14,308.19
2026-08-23 07:52:00+00:00,2390.14,2391.89,2390.14,2391.77,278.36
2026-08-23 07:53:00+00:00,2391.77,2392.82,2391.58,2392.0,181.9
2026-08-23 07:54:00+00:00,2392.0,2392.32,2389.81,2389.81,281.82
2026-08-23 07:55:00+00:00,2389.81,2390.0,2388.97,2388.97,154.97
2026-08-23 07:56:00+00:00,2388.97,2388.98,2387.38,2388.26,373.24
2026-08-23 07:57:00+00:00,2388.26,2388.26,2385.26,2386.34,1220.84
2026-08-23 07:58:00+00:00,2386.34,2387.25,2385.82,2386.61,381.39
2026-08-23 07:59:00+00:00,2386.61,2388.12,2386.48,2388.12,282.22
2026-08-23 08:00:00+00:00,2388.12,2389.11,2387.04,2389.1,510.11
2026-08-23 08:01:00+00:00,2389.1,2389.2,2385.94,2386.29,689.95
2026-08-23 08:02:00+00:00,2386.29,2388.21,2386.23,2387.97,694.51
2026-08-23 08:03:00+00:00,2387.97,2389.08,2386.63,2387.9,600.71
2026-08-23 08:04:00+00:00,2387.9,2389.54,2387.66,2389.54,169.75
2026-08-23 08:05:00+00:00,2389.54,2391.31,2388.69,2391.31,1179.62
2026-08-23 08:06:00+00:00,2391.31,2393.92,2390.81,2392.57,976.91
2026-08-23 08:07:00+00:00,2392.57,2394.0,2392.57,2394.0,271.58
2026-08-23 08:08:00+00:00,2394.0,2396.6,2394.0,2394.98,1119.3
2026-08-23 08:09:00+00:00,2394.98,2410.76,2394.93,2407.49,17622.9
2026-08-23 08:10:00+00:00,2407.49,2414.27,2405.89,2406.79,6181.43
2026-08-23 08:11:00+00:00,2406.79,2408.41,2404.34,2408.34,3209.97
2026-08-23 08:12:00+00:00,2408.34,2413.88,2407.77,2407.98,3813.03
2026-08-23 08:13:00+00:00,2407.98,2408.37,2406.02,2408.08,1104.91
2026-08-23 08:14:00+00:00,2408.08,2408.14,2405.05,2406.72,2207.27
2026-08-23 08:15:00+00:00,2406.72,2406.86,2405.45,2406.85,597.48
2026-08-23 08:16:00+00:00,2406.85,2408.19,2406.2,2407.94,832.91
2026-08-23 08:17:00+00:00,2407.94,2411.16,2407.36,2410.32,1528.56
2026-08-23 08:18:00+00:00,2410.32,2410.32,2407.78,2408.7,858.21
2026-08-23 08:19:00+00:00,2408.7,2408.7,2407.32,2407.6,351.85
2026-08-23 08:20:00+00:00,2407.6,2408.03,2407.3,2407.31,162.93
2026-08-23 08:21:00+00:00,2407.31,2407.71,2407.3,2407.57,79.81
2026-08-23 08:22:00+00:00,2407.36,2407.37,2405.76,2405.76,455.46
2026-08-23 08:23:00+00:00,2405.76,2407.01,2405.28,2406.99,885.26
2026-08-23 08:24:00+00:00,2406.99,2407.09,2406.2,2406.87,171.23
2026-08-23 08:25:00+00:00,2406.87,2406.96,2406.08,2406.84,186.88
2026-08-23 08:26:00+00:00,2406.84,2407.88,2405.44,2405.89,523.27
2026-08-23 08:27:00+00:00,2405.89,2407.34,2405.46,2407.31,462.52
2026-08-23 08:28:00+00:00,2407.31,2407.31,2406.67,2406.85,107.68
2026-08-23 08:29:00+00:00,2406.85,2407.09,2406.36,2406.82,108.27
2026-08-23 08:30:00+00:00,2406.82,2408.0,2406.82,2408.0,577.93
2026-08-23 08:31:00+00:00,2408.0,2408.38,2407.22,2408.38,274.92
2026-08-23 08:32:00+00:00,2408.38,2410.59,2407.42,2410.05,594.69
2026-08-23 08:33:00+00:00,2410.05,2413.58,2409.24,2412.89,1245.44
2026-08-23 08:34:00+00:00,2412.89,2420.98,2410.54,2414.54,12669.23
2026-08-23 08:35:00+00:00,2414.54,2415.06,2412.3,2414.16,2180.36
2026-08-23 08:36:00+00:00,2414.16,2414.99,2413.68,2414.47,419.2
2026-08-23 08:37:00+00:00,2414.47,2414.96,2414.32,2414.92,52.62
2026-08-23 08:38:00+00:00,2417.51,2423.28,2415.63,2419.32,2796.97
2026-08-23 08:39:00+00:00,2419.32,2419.89,2416.67,2417.95,566.51
2026-08-23 08:40:00+00:00,2417.95,2421.4,2416.7,2421.39,1611.46
2026-08-23 08:41:00+00:00,2421.39,2427.38,2418.95,2420.53,3424.68
2026-08-23 08:42:00+00:00,2420.53,2423.22,2419.57,2420.37,1353.06
2026-08-23 08:43:00+00:00,2420.37,2421.98,2420.11,2420.87,387.43
2026-08-23 08:44:00+00:00,2420.87,2422.28,2419.54,2419.54,865.97
2026-08-23 08:45:00+00:00,2419.54,2421.55,2419.3,2421.3,757.47
2026-08-23 08:46:00+00:00,2421.3,2421.9,2419.86,2420.02,592.14
2026-08-23 08:47:00+00:00,2420.02,2420.02,2415.94,2417.27,2349.89
2026-08-23 08:48:00+00:00,2417.27,2418.24,2415.5,2416.67,1217.66
2026-08-23 08:49:00+00:00,2416.67,2416.67,2414.82,2414.94,717.61
2026-08-23 08:50:00+00:00,2414.94,2415.64,2413.93,2414.4,352.72
2026-08-23 08:51:00+00:00,2414.4,2416.45,2413.74,2416.45,277.41
2026-08-23 08:52:00+00:00,2416.45,2417.67,2416.45,2416.82,305.4
2026-08-23 08:53:00+00:00,2416.82,2416.94,2415.01,2415.36,149.55
2026-08-23 08:54:00+00:00,2415.36,2415.98,2414.87,2415.47,120.35
2026-08-23 08:55:00+00:00,2415.47,2415.55,2414.77,2415.55,98.07
2026-08-23 08:56:00+00:00,2415.55,2416.0,2410.92,2412.24,1689.17
2026-08-23 08:57:00+00:00,2412.24,2412.25,2411.14,2411.59,428.97
2026-08-23 08:58:00+00:00,2411.59,2411.8,2410.72,2411.36,242.87
2026-08-23 08:59:00+00:00,2411.36,2412.53,2410.94,2412.5,665.26
2026-08-23 09:00:00+00:00,2412.5,2412.5,2410.08,2410.86,281.6
2026-08-23 09:01:00+00:00,2410.86,2414.21,2410.85,2414.0,676.86
2026-08-23 09:02:00+00:00,2414.0,2415.23,2414.0,2414.69,435.91
2026-08-23 09:03:00+00:00,2414.69,2415.59,2413.09,2413.48,211.94
2026-08-23 09:04:00+00:00,2413.48,2416.13,2413.48,2414.79,388.06
2026-08-23 09:05:00+00:00,2414.79,2415.98,2414.79,2415.77,178.63
2026-08-23 09:06:00+00:00,2415.77,2415.87,2414.55,2414.55,241.46
2026-08-23 09:07:00+00:00,2414.55,2415.32,2414.01,2414.2,109.27
2026-08-23 09:08:00+00:00,2414.2,2414.2,2412.45,2412.71,209.45
2026-08-23 09:09:00+00:00,2412.71,2414.23,2412.69,2413.04,61.31
2026-08-23 09:10:00+00:00,2413.04,2413.92,2412.55,2412.98,152.81
2026-08-23 09:11:00+00:00,2412.98,2413.79,2412.59,2412.61,220.06
2026-08-23 09:12:00+00:00,2412.61,2412.61,2411.71,2412.03,254.79
2026-08-23 09:13:00+00:00,2412.03,2413.1,2412.02,2413.02,155.65
2026-08-23 09:14:00+00:00,2413.02,2413.94,2412.56,2412.82,62.68
2026-08-23 09:15:00+00:00,2412.82,2413.95,2412.5,2413.47,148.4
2026-08-23 09:16:00+00:00,2413.47,2413.73,2411.81,2412.08,223.82
2026-08-23 09:17:00+00:00,2412.08,2412.08,2410.71,2411.84,181.28
2026-08-23 09:18:00+00:00,2411.84,2411.92,2410.87,2411.34,122.61
2026-08-23 09:19:00+00:00,2411.34,2413.08,2411.34,2411.96,275.39
2026-08-23 09:20:00+00:00,2411.96,2412.28,2407.54,2409.18,1712.75
2026-08-23 09:21:00+00:00,2409.18,2409.46,2407.1,2409.26,984.67
2026-08-23 09:22:00+00:00,2409.26,2411.27,2409.1,2410.81,326.6
2026-08-23 09:23:00+00:00,2410.81,2411.0,2409.95,2410.01,60.94
2026-08-23 09:24:00+00:00,2410.01,2410.01,2407.43,2408.04,621.46
2026-08-23 09:25:00+00:00,2408.04,2408.93,2408.02,2408.93,175.75
2026-08-23 09:26:00+00:00,2408.81,2410.49,2408.81,2410.38,102.68
2026-08-23 09:27:00+00:00,2410.38,2412.12,2410.12,2410.63,444.46
2026-08-23 09:28:00+00:00,2410.63,2411.62,2410.48,2410.75,338.81
2026-08-23 09:29:00+00:00,2410.75,2411.06,2410.68,2410.71,45.35
2026-08-23 09:30:00+00:00,2410.71,2410.71,2407.67,2408.55,272.67
2026-08-23 09:31:00+00:00,2408.55,2408.73,2407.05,2407.64,425.39
2026-08-23 09:32:00+00:00,2407.64,2408.05,2407.64,2408.05,111.2
2026-08-23 09:33:00+00:00,2408.05,2408.46,2407.56,2408.27,59.13
2026-08-23 09:34:00+00:00,2408.27,2408.52,2407.52,2407.81,185.07
2026-08-23 09:35:00+00:00,2407.81,2408.0,2404.65,2406.55,1870.92
2026-08-23 09:36:00+00:00,2406.55,2408.86,2406.15,2408.61,290.33
2026-08-23 09:37:00+00:00,2408.61,2409.16,2408.38,2408.72,133.28
2026-08-23 09:38:00+00:00,2408.72,2408.72,2406.84,2408.01,247.03
2026-08-23 09:39:00+00:00,2408.01,2409.41,2407.52,2409.41,597.98
2026-08-23 09:40:00+00:00,2409.41,2410.1,2409.41,2409.92,135.69
2026-08-23 09:41:00+00:00,2410.24,2413.36,2410.23,2411.12,2679.42
2026-08-23 09:42:00+00:00,2411.12,2411.7,2410.52,2411.69,170.48
2026-08-23 09:43:00+00:00,2411.69,2412.3,2411.45,2411.72,225.71
2026-08-23 09:44:00+00:00,2411.72,2412.07,2411.53,2411.82,109.11
2026-08-23 09:45:00+00:00,2411.82,2412.93,2411.49,2412.19,212.36
2026-08-23 09:46:00+00:00,2412.19,2412.19,2410.08,2410.08,482.77
2026-08-23 09:47:00+00:00,2410.08,2412.69,2409.36,2412.69,938.74
2026-08-23 09:48:00+00:00,2412.69,2415.03,2412.69,2415.02,346.32
2026-08-23 09:49:00+00:00,2415.02,2415.02,2413.51,2413.88,459.46
2026-08-23 09:50:00+00:00,2413.88,2414.98,2413.52,2414.98,169.15
2026-08-23 09:51:00+00:00,2414.98,2415.11,2414.67,2415.0,75.49
2026-08-23 09:52:00+00:00,2414.55,2415.12,2413.88,2414.69,421.59
2026-08-23 09:53:00+00:00,2414.69,2415.84,2414.69,2415.61,65.82
2026-08-23 09:54:00+00:00,2413.43,2413.43,2413.43,2413.43,0.0
2026-08-23 09:55:00+00:00,2413.75,2413.8,2413.75,2413.8,0.96
2026-08-23 09:56:00+00:00,2413.74,2413.78,2413.59,2413.77,20.44
2026-08-23 09:57:00+00:00,2413.01,2413.29,2413.01,2413.09,168.66
2026-08-23 09:58:00+00:00,2413.09,2413.52,2411.87,2412.17,260.78
2026-08-23 09:59:00+00:00,2412.17,2412.29,2411.1,2411.25,184.49
2026-08-23 10:00:00+00:00,2410.92,2411.11,2410.51,2411.11,140.24
2026-08-23 10:01:00+00:00,2413.08,2413.08,2413.08,2413.08,0.0
2026-08-23 10:02:00+00:00,2411.3,2411.31,2411.14,2411.26,21.32
2026-08-23 10:03:00+00:00,2413.32,2413.32,2413.31,2413.32,0.16
2026-08-23 10:04:00+00:00,2414.03,2414.03,2413.95,2413.96,21.89
2026-08-23 10:05:00+00:00,2414.01,2414.01,2414.01,2414.01,0.6
2026-08-23 10:06:00+00:00,2415.81,2415.81,2415.81,2415.81,0.14
2026-08-23 10:07:00+00:00,2416.03,2416.04,2415.9,2415.9,3.98
2026-08-23 10:08:00+00:00,2415.0,2415.46,2415.0,2415.23,8.25
2026-08-23 10:09:00+00:00,2414.07,2414.07,2413.88,2413.9,10.78
2026-08-23 10:10:00+00:00,2414.22,2414.99,2414.22,2414.99,15.16
2026-08-23 10:11:00+00:00,2414.01,2414.01,2413.79,2413.79,2.09
2026-08-23 10:12:00+00:00,2413.62,2413.81,2413.62,2413.81,27.26
2026-08-23 10:13:00+00:00,2413.56,2413.68,2413.56,2413.68,0.26
2026-08-23 10:14:00+00:00,2412.57,2412.58,2412.35,2412.35,0.49
2026-08-23 10:15:00+00:00,2414.25,2414.25,2414.25,2414.25,0.0
2026-08-23 10:16:00+00:00,2414.74,2414.74,2414.62,2414.62,0.21
2026-08-23 10:17:00+00:00,2415.53,2415.53,2415.1,2415.11,27.38
2026-08-23 10:18:00+00:00,2414.85,2414.99,2414.64,2414.99,3.14
2026-08-23 10:19:00+00:00,2414.74,2414.74,2414.74,2414.74,0.0
2026-08-23 10:20:00+00:00,2414.85,2415.23,2414.67,2415.07,1.81
2026-08-23 10:21:00+00:00,2416.17,2416.62,2416.01,2416.62,54.02
2026-08-23 10:22:00+00:00,2418.5,2418.64,2417.63,2418.64,173.85
2026-08-23 10:23:00+00:00,2417.52,2417.52,2417.52,2417.52,0.0
2026-08-23 10:24:00+00:00,2416.56,2416.57,2416.56,2416.57,3.14
2026-08-23 10:25:00+00:00,2416.76,2417.33,2416.51,2416.96,24.34
2026-08-23 10:26:00+00:00,2416.19,2416.45,2415.68,2416.45,19.28
2026-08-23 10:27:00+00:00,2415.62,2415.62,2415.62,2415.62,0.21
2026-08-23 10:28:00+00:00,2415.68,2415.68,2415.31,2415.31,1.71
2026-08-23 10:29:00+00:00,2413.51,2414.01,2413.43,2413.43,15.76
2026-08-23 10:30:00+00:00,2413.66,2413.78,2413.66,2413.78,3.44
2026-08-23 10:31:00+00:00,2413.35,2413.35,2413.35,2413.35,0.0
2026-08-23 10:32:00+00:00,2414.15,2414.15,2414.14,2414.14,1.33
2026-08-23 10:33:00+00:00,2415.09,2415.35,2415.09,2415.35,0.21
2026-08-23 10:34:00+00:00,2416.69,2416.69,2416.51,2416.51,5.3
2026-08-23 10:35:00+00:00,2417.24,2417.75,2416.7,2416.7,22.74
2026-08-23 10:36:00+00:00,2416.01,2416.01,2415.8,2415.86,47.42
2026-08-23 10:37:00+00:00,2416.93,2417.14,2416.83,2416.83,12.27
2026-08-23 10:38:00+00:00,2416.63,2416.63,2416.44,2416.45,40.94
2026-08-23 10:39:00+00:00,2417.46,2417.46,2416.71,2416.72,11.98
2026-08-23 10:40:00+00:00,2415.84,2415.84,2415.22,2415.69,11.0
2026-08-23 10:41:00+00:00,2416.35,2416.36,2416.35,2416.36,2.87
2026-08-23 10:42:00+00:00,2416.28,2416.28,2416.14,2416.14,0.78
2026-08-23 10:43:00+00:00,2416.48,2416.48,2416.32,2416.47,4.3
2026-08-23 10:44:00+00:00,2416.37,2416.37,2416.37,2416.37,0.0
2026-08-23 10:45:00+00:00,2416.35,2416.35,2416.35,2416.35,3.0
2026-08-23 10:46:00+00:00,2416.64,2417.0,2416.64,2416.99,8.33
2026-08-23 10:47:00+00:00,2416.76,2416.76,2416.19,2416.19,3.87
2026-08-23 10:48:00+00:00,2416.05,2416.06,2416.05,2416.05,0.1
2026-08-23 10:49:00+00:00,2416.13,2416.13,2415.96,2416.07,89.57
2026-08-23 10:50:00+00:00,2416.26,2416.58,2416.26,2416.58,7.45
2026-08-23 10:51:00+00:00,2416.7,2416.7,2416.69,2416.69,1.17
2026-08-23 10:52:00+00:00,2416.45,2416.66,2416.45,2416.51,9.63
2026-08-23 10:53:00+00:00,2416.14,2416.14,2416.14,2416.14,0.0
2026-08-23 10:54:00+00:00,2415.42,2415.42,2415.42,2415.42,19.56
2026-08-23 10:55:00+00:00,2415.87,2415.87,2415.74,2415.74,0.17
2026-08-23 10:56:00+00:00,2414.84,2414.85,2414.63,2414.63,10.39
2026-08-23 10:57:00+00:00,2414.17,2414.17,2414.0,2414.09,118.69
2026-08-23 10:58:00+00:00,2414.55,2414.55,2414.55,2414.55,0.02
2026-08-23 10:59:00+00:00,2414.54,2414.54,2414.53,2414.53,0.26
2026-08-23 11:00:00+00:00,2414.99,2414.99,2414.98,2414.98,3.45
2026-08-23 11:01:00+00:00,2416.25,2416.77,2416.25,2416.77,3.73
2026-08-23 11:02:00+00:00,2417.13,2417.14,2417.02,2417.02,3.31
2026-08-23 11:03:00+00:00,2416.81,2416.81,2416.42,2416.42,12.26
2026-08-23 11:04:00+00:00,2415.51,2415.51,2415.51,2415.51,0.0
2026-08-23 11:05:00+00:00,2414.67,2414.82,2414.67,2414.77,4.66
2026-08-23 11:06:00+00:00,2416.67,2416.77,2416.67,2416.77,0.6
2026-08-23 11:07:00+00:00,2416.49,2416.55,2416.48,2416.55,2.78
2026-08-23 11:08:00+00:00,2417.85,2417.85,2417.85,2417.85,0.0
2026-08-23 11:09:00+00:00,2417.63,2417.63,2417.63,2417.63,0.0
2026-08-23 11:10:00+00:00,2417.48,2417.77,2417.47,2417.61,2.17
2026-08-23 11:11:00+00:00,2417.31,2417.49,2417.31,2417.36,5.04
2026-08-23 11:12:00+00:00,2418.25,2418.35,2417.91,2417.91,14.69
2026-08-23 11:13:00+00:00,2418.31,2418.51,2418.31,2418.51,2.08
2026-08-23 11:14:00+00:00,2420.04,2420.08,2419.86,2420.08,6.65
2026-08-23 11:15:00+00:00,2419.87,2420.19,2419.76,2419.98,29.15
2026-08-23 11:16:00+00:00,2418.56,2418.56,2418.56,2418.56,0.0
2026-08-23 11:17:00+00:00,2419.7,2419.72,2419.36,2419.36,5.8
2026-08-23 11:18:00+00:00,2419.11,2419.11,2418.8,2418.8,3.03
2026-08-23 11:19:00+00:00,2420.94,2422.23,2420.73,2421.6,344.06
2026-08-23 11:20:00+00:00,2423.39,2423.39,2423.39,2423.39,0.0
2026-08-23 11:21:00+00:00,2425.0,2425.48,2424.81,2425.38,23.31
2026-08-23 11:22:00+00:00,2429.63,2431.37,2428.79,2429.54,732.61
2026-08-23 11:23:00+00:00,2429.54,2429.79,2426.58,2427.93,475.1
2026-08-23 11:24:00+00:00,2427.93,2432.76,2427.67,2432.2,2075.91
2026-08-23 11:25:00+00:00,2432.2,2432.47,2430.02,2430.1,786.48
2026-08-23 11:26:00+00:00,2430.1,2430.1,2427.69,2428.24,739.79
2026-08-23 11:27:00+00:00,2428.24,2428.75,2426.75,2426.76,503.23
2026-08-23 11:28:00+00:00,2426.76,2427.91,2426.76,2427.17,480.56
2026-08-23 11:29:00+00:00,2427.17,2427.45,2426.47,2427.12,208.35
2026-08-23 11:30:00+00:00,2427.12,2428.58,2425.59,2428.41,319.56
2026-08-23 11:31:00+00:00,2428.41,2429.99,2427.72,2429.0,524.61
2026-08-23 11:32:00+00:00,2429.0,2431.41,2427.94,2430.07,846.37
2026-08-23 11:33:00+00:00,2430.07,2430.07,2428.64,2428.87,221.3
2026-08-23 11:34:00+00:00,2428.87,2430.0,2428.37,2429.52,157.3
2026-08-23 11:35:00+00:00,2429.52,2430.18,2429.36,2429.85,135.54
2026-08-23 11:36:00+00:00,2429.85,2434.32,2429.85,2431.92,995.58
2026-08-23 11:37:00+00:00,2431.92,2437.58,2431.07,2431.07,4291.22
2026-08-23 11:38:00+00:00,2431.07,2435.01,2429.93,2434.08,1709.72
2026-08-23 11:39:00+00:00,2434.08,2438.3,2433.85,2437.77,1512.75
2026-08-23 11:40:00+00:00,2437.77,2438.32,2435.72,2435.72,1459.83
2026-08-23 11:41:00+00:00,2435.72,2436.85,2434.26,2435.05,681.35
2026-08-23 11:42:00+00:00,2435.05,2436.5,2434.41,2436.13,474.56
2026-08-23 11:43:00+00:00,2436.13,2436.13,2433.71,2433.77,332.77
2026-08-23 11:44:00+00:00,2433.77,2433.98,2432.89,2433.61,387.65
2026-08-23 11:45:00+00:00,2433.61,2434.1,2431.89,2432.68,1047.94
2026-08-23 11:46:00+00:00,2432.68,2433.06,2430.0,2430.18,1105.8
2026-08-23 11:47:00+00:00,2430.18,2430.79,2429.77,2429.78,330.53
2026-08-23 11:48:00+00:00,2429.78,2429.87,2428.28,2429.8,391.27
2026-08-23 11:49:00+00:00,2429.8,2429.8,2427.55,2428.49,633.86
2026-08-23 11:50:00+00:00,2428.49,2428.82,2427.92,2428.73,207.65
2026-08-23 11:51:00+00:00,2428.73,2429.87,2428.49,2428.76,321.31
2026-08-23 11:52:00+00:00,2428.76,2432.05,2428.76,2431.83,386.66
2026-08-23 11:53:00+00:00,2431.83,2432.25,2430.35,2431.12,980.01
2026-08-23 11:54:00+00:00,2431.12,2432.17,2430.63,2430.95,219.38
2026-08-23 11:55:00+00:00,2430.95,2430.98,2430.21,2430.46,139.27
2026-08-23 11:56:00+00:00,2430.46,2431.06,2429.6,2429.6,89.28
2026-08-23 11:57:00+00:00,2429.6,2431.59,2428.98,2430.51,1059.9
2026-08-23 11:58:00+00:00,2430.51,2433.86,2430.38,2432.42,1043.9
2026-08-23 11:59:00+00:00,2432.42,2433.99,2431.69,2433.37,697.57
2026-08-23 12:00:00+00:00,2433.37,2433.47,2431.91,2432.33,487.54
2026-08-23 12:01:00+00:00,2432.33,2432.33,2429.65,2429.65,271.02
2026-08-23 12:02:00+00:00,2429.65,2432.13,2429.07,2431.38,1016.53
2026-08-23 12:03:00+00:00,2431.38,2431.38,2427.28,2428.58,1068.51
2026-08-23 12:04:00+00:00,2428.58,2428.65,2427.08,2427.09,435.44
2026-08-23 12:05:00+00:00,2427.09,2427.99,2426.73,2426.9,278.87
2026-08-23 12:06:00+00:00,2426.9,2426.9,2420.66,2424.51,5009.13
2026-08-23 12:07:00+00:00,2424.51,2424.51,2420.89,2424.14,1774.81
2026-08-23 12:08:00+00:00,2424.14,2424.49,2422.39,2424.24,270.23
2026-08-23 12:09:00+00:00,2424.24,2425.26,2424.14,2424.9,386.38
2026-08-23 12:10:00+00:00,2424.9,2425.88,2421.57,2421.98,1116.32
2026-08-23 12:11:00+00:00,2421.98,2422.64,2418.37,2421.29,2555.51
2026-08-23 12:12:00+00:00,2421.29,2421.43,2418.36,2419.85,1037.33
2026-08-23 12:13:00+00:00,2419.85,2422.96,2419.7,2422.06,923.3
2026-08-23 12:14:00+00:00,2422.06,2423.03,2422.05,2422.46,280.45
2026-08-23 12:15:00+00:00,2422.46,2422.62,2420.66,2421.01,275.42
2026-08-23 12:16:00+00:00,2421.01,2422.54,2421.01,2422.54,199.58
2026-08-23 12:17:00+00:00,2422.54,2423.89,2422.1,2423.41,483.82
2026-08-23 12:18:00+00:00,2423.41,2424.35,2422.74,2424.35,402.29
2026-08-23 12:19:00+00:00,2424.35,2424.69,2423.6,2423.94,360.05
2026-08-23 12:20:00+00:00,2423.94,2424.72,2423.72,2423.72,321.5
2026-08-23 12:21:00+00:00,2423.72,2424.64,2423.7,2424.63,93.45
2026-08-23 12:22:00+00:00,2424.63,2424.99,2423.03,2423.04,787.04
2026-08-23 12:23:00+00:00,2423.04,2424.77,2423.04,2424.6,126.65
2026-08-23 12:24:00+00:00,2424.6,2424.61,2422.97,2423.18,57.33
2026-08-23 12:25:00+00:00,2423.18,2423.44,2422.17,2422.52,86.12
2026-08-23 12:26:00+00:00,2422.52,2423.07,2420.75,2421.06,307.63
2026-08-23 12:27:00+00:00,2421.06,2421.7,2420.28,2421.59,260.19
2026-08-23 12:28:00+00:00,2421.59,2423.29,2421.59,2423.26,136.77
2026-08-23 12:29:00+00:00,2423.26,2423.3,2422.55,2422.67,252.55
2026-08-23 12:30:00+00:00,2422.67,2423.36,2422.67,2422.94,108.61
2026-08-23 12:31:00+00:00,2422.94,2423.62,2422.94,2423.6,63.03
2026-08-23 12:32:00+00:00,2423.6,2424.49,2423.3,2423.8,214.79
2026-08-23 12:33:00+00:00,2423.8,2425.36,2423.3,2423.9,343.73
2026-08-23 12:34:00+00:00,2423.9,2424.76,2423.32,2424.29,188.5
2026-08-23 12:35:00+00:00,2424.29,2424.4,2423.3,2423.91,188.6
2026-08-23 12:36:00+00:00,2423.91,2423.91,2422.65,2423.13,224.05
2026-08-23 12:37:00+00:00,2423.13,2423.85,2422.89,2423.85,54.03
2026-08-23 12:38:00+00:00,2423.85,2424.44,2422.93,2423.1,235.73
2026-08-23 12:39:00+00:00,2423.1,2425.5,2423.1,2425.49,49.81
2026-08-23 12:40:00+00:00,2425.49,2427.81,2425.49,2427.38,1657.35
2026-08-23 12:41:00+00:00,2427.38,2428.04,2426.71,2427.27,660.65
2026-08-23 12:42:00+00:00,2427.27,2427.9,2426.46,2427.9,455.42
2026-08-23 12:43:00+00:00,2427.9,2429.09,2427.89,2428.89,184.67
2026-08-23 12:44:00+00:00,2428.89,2428.96,2428.09,2428.13,334.95
2026-08-23 12:45:00+00:00,2428.13,2428.13,2426.6,2426.87,239.07
2026-08-23 12:46:00+00:00,2426.87,2427.5,2426.0,2427.26,223.11
2026-08-23 12:47:00+00:00,2427.26,2427.26,2426.05,2426.32,191.32
2026-08-23 12:48:00+00:00,2426.32,2426.56,2425.52,2425.64,226.63
2026-08-23 12:49:00+00:00,2425.64,2425.68,2425.0,2425.68,103.75
2026-08-23 12:50:00+00:00,2425.68,2426.13,2425.67,2426.13,96.08
2026-08-23 12:51:00+00:00,2426.13,2426.17,2425.72,2426.09,73.26
2026-08-23 12:52:00+00:00,2426.09,2426.62,2426.0,2426.0,38.2
2026-08-23 12:53:00+00:00,2426.0,2426.19,2425.07,2425.23,91.01
2026-08-23 12:54:00+00:00,2425.23,2425.65,2424.17,2425.12,610.37
2026-08-23 12:55:00+00:00,2425.12,2426.97,2425.12,2426.71,55.89
2026-08-23 12:56:00+00:00,2426.71,2427.21,2426.69,2426.86,101.39
2026-08-23 12:57:00+00:00,2426.86,2427.74,2426.26,2426.36,161.98
2026-08-23 12:58:00+00:00,2426.36,2427.04,2426.35,2426.93,54.15
2026-08-23 12:59:00+00:00,2426.93,2427.35,2426.87,2426.9,76.16
2026-08-23 13:00:00+00:00,2426.9,2427.21,2426.89,2426.99,104.47
2026-08-23 13:01:00+00:00,2426.99,2428.88,2426.98,2428.31,263.24
2026-08-23 13:02:00+00:00,2428.31,2428.8,2428.3,2428.76,145.55
2026-08-23 13:03:00+00:00,2428.76,2428.77,2428.31,2428.6,145.63
2026-08-23 13:04:00+00:00,2428.6,2428.71,2427.63,2428.11,471.04
2026-08-23 13:05:00+00:00,2428.11,2428.83,2427.79,2428.36,443.86
2026-08-23 13:06:00+00:00,2428.36,2428.91,2428.1,2428.91,92.68
2026-08-23 13:07:00+00:00,2428.91,2429.09,2428.18,2428.56,522.79
2026-08-23 13:08:00+00:00,2428.56,2429.04,2428.39,2428.69,62.95
2026-08-23 13:09:00+00:00,2428.69,2431.12,2428.69,2430.39,332.77
2026-08-23 13:10:00+00:00,2430.39,2431.61,2430.39,2430.81,229.64
2026-08-23 13:11:00+00:00,2430.81,2431.78,2430.81,2431.78,76.57
2026-08-23 13:12:00+00:00,2431.78,2432.88,2431.46,2431.89,426.56
2026-08-23 13:13:00+00:00,2431.89,2432.08,2431.41,2431.65,114.0
2026-08-23 13:14:00+00:00,2431.65,2432.7,2431.51,2431.8,318.69
2026-08-23 13:15:00+00:00,2431.8,2432.99,2431.62,2432.68,284.3
2026-08-23 13:16:00+00:00,2432.68,2434.74,2432.13,2433.26,2463.19
2026-08-23 13:17:00+00:00,2433.26,2446.64,2433.26,2444.06,15066.38
2026-08-23 13:18:00+00:00,2444.06,2479.78,2443.69,2466.29,35067.04
2026-08-23 13:19:00+00:00,2466.29,2485.43,2465.9,2469.72,10869.62
2026-08-23 13:20:00+00:00,2469.72,2470.62,2454.15,2459.75,5993.35
2026-08-23 13:21:00+00:00,2459.75,2464.0,2453.4,2463.31,8289.42
2026-08-23 13:22:00+00:00,2463.31,2471.79,2459.42,2467.23,4153.31
2026-08-23 13:23:00+00:00,2467.23,2470.9,2462.94,2463.8,3806.0
2026-08-23 13:24:00+00:00,2463.8,2468.26,2461.41,2463.48,2364.93
2026-08-23 13:25:00+00:00,2463.48,2463.67,2459.1,2459.79,2025.62
2026-08-23 13:26:00+00:00,2459.79,2462.86,2459.79,2461.42,1485.19
2026-08-23 13:27:00+00:00,2461.42,2463.11,2460.65,2460.95,760.19
2026-08-23 13:28:00+00:00,2460.95,2461.43,2458.97,2459.01,885.99
2026-08-23 13:29:00+00:00,2459.01,2459.15,2451.23,2454.6,4200.99
2026-08-23 13:30:00+00:00,2454.6,2455.1,2450.0,2452.68,2800.28
2026-08-23 13:31:00+00:00,2452.68,2457.67,2449.8,2456.09,2751.92
2026-08-23 13:32:00+00:00,2456.09,2459.81,2455.71,2457.25,2200.2
2026-08-23 13:33:00+00:00,2457.25,2457.46,2454.55,2456.67,514.64
2026-08-23 13:34:00+00:00,2456.67,2457.04,2453.82,2454.43,1003.09
2026-08-23 13:35:00+00:00,2454.43,2454.45,2449.08,2452.05,1245.54
2026-08-23 13:36:00+00:00,2452.05,2457.09,2451.94,2456.16,534.42
2026-08-23 13:37:00+00:00,2456.16,2456.71,2454.31,2455.91,1230.32
2026-08-23 13:38:00+00:00,2455.91,2456.67,2454.07,2456.1,556.2
2026-08-23 13:39:00+00:00,2456.1,2459.76,2455.73,2457.09,2860.63
2026-08-23 13:40:00+00:00,2457.09,2458.91,2455.61,2455.78,689.27
2026-08-23 13:41:00+00:00,2455.78,2456.78,2455.0,2455.01,537.76
2026-08-23 13:42:00+00:00,2455.01,2455.88,2453.92,2454.31,582.09
2026-08-23 13:43:00+00:00,2454.31,2455.18,2453.27,2455.12,422.91
2026-08-23 13:44:00+00:00,2455.12,2456.5,2454.0,2456.09,389.23
2026-08-23 13:45:00+00:00,2456.09,2456.1,2451.55,2453.45,753.5
2026-08-23 13:46:00+00:00,2453.45,2456.18,2452.13,2456.18,756.32
2026-08-23 13:47:00+00:00,2456.18,2458.94,2455.44,2458.29,628.95
2026-08-23 13:48:00+00:00,2458.29,2458.29,2455.78,2455.78,253.96
2026-08-23 13:49:00+00:00,2455.78,2455.83,2452.69,2452.77,370.11
2026-08-23 13:50:00+00:00,2452.77,2455.11,2452.64,2452.83,742.72
2026-08-23 13:51:00+00:00,2452.83,2453.75,2451.68,2452.05,528.57
2026-08-23 13:52:00+00:00,2452.05,2455.45,2452.05,2453.48,465.42
2026-08-23 13:53:00+00:00,2453.48,2454.73,2452.5,2454.32,218.83
2026-08-23 13:54:00+00:00,2454.32,2457.21,2454.07,2456.5,964.14
2026-08-23 13:55:00+00:00,2456.5,2458.33,2455.47,2457.67,1039.07
2026-08-23 13:56:00+00:00,2457.67,2459.56,2456.75,2458.08,839.44
2026-08-23 13:57:00+00:00,2458.08,2458.78,2456.96,2458.78,303.81
2026-08-23 13:58:00+00:00,2458.78,2459.91,2458.18,2458.18,393.01
2026-08-23 13:59:00+00:00,2458.18,2460.48,2458.18,2459.53,602.37
2026-08-23 14:00:00+00:00,2459.53,2459.99,2458.61,2459.13,253.04
2026-08-23 14:01:00+00:00,2459.13,2460.51,2458.0,2460.41,900.62
2026-08-23 14:02:00+00:00,2460.41,2465.75,2459.83,2464.49,3012.02
2026-08-23 14:03:00+00:00,2464.49,2464.6,2461.06,2461.41,625.13
2026-08-23 14:04:00+00:00,2461.41,2463.93,2460.03,2463.49,613.31
2026-08-23 14:05:00+00:00,2463.49,2465.0,2462.05,2462.47,443.67
2026-08-23 14:06:00+00:00,2462.47,2462.87,2455.01,2459.25,1776.91
2026-08-23 14:07:00+00:00,2459.25,2459.26,2452.23,2453.93,1923.37
2026-08-23 14:08:00+00:00,2453.93,2459.09,2453.46,2458.86,765.06
2026-08-23 14:09:00+00:00,2458.86,2458.98,2457.46,2458.15,615.46
2026-08-23 14:10:00+00:00,2458.15,2462.39,2458.11,2462.1,1008.17
2026-08-23 14:11:00+00:00,2462.1,2469.66,2461.85,2463.48,3259.0
2026-08-23 14:12:00+00:00,2463.48,2466.15,2462.88,2465.56,1016.87
2026-08-23 14:13:00+00:00,2465.56,2468.77,2465.54,2468.6,792.68
2026-08-23 14:14:00+00:00,2468.6,2468.6,2462.76,2463.98,931.12
2026-08-23 14:15:00+00:00,2463.98,2466.21,2463.31,2466.14,491.43
2026-08-23 14:16:00+00:00,2466.14,2466.86,2465.59,2465.82,565.26
2026-08-23 14:17:00+00:00,2465.82,2466.2,2464.36,2465.85,456.21
2026-08-23 14:18:00+00:00,2465.85,2467.26,2463.34,2463.34,576.17
2026-08-23 14:19:00+00:00,2463.34,2464.08,2460.4,2461.19,1250.48
2026-08-23 14:20:00+00:00,2461.19,2463.97,2461.19,2463.01,265.72
2026-08-23 14:21:00+00:00,2463.01,2463.67,2460.46,2461.58,2008.28
2026-08-23 14:22:00+00:00,2461.58,2461.94,2459.0,2459.0,446.61
2026-08-23 14:23:00+00:00,2459.0,2460.01,2457.16,2457.63,344.52
2026-08-23 14:24:00+00:00,2457.63,2458.81,2454.6,2456.56,2320.57
2026-08-23 14:25:00+00:00,2456.56,2458.0,2455.44,2457.33,540.97
2026-08-23 14:26:00+00:00,2457.33,2459.53,2457.33,2458.24,815.78
2026-08-23 14:27:00+00:00,2458.24,2459.29,2457.58,2458.11,278.98
2026-08-23 14:28:00+00:00,2458.11,2458.11,2456.32,2457.24,366.04
2026-08-23 14:29:00+00:00,2457.24,2458.05,2455.49,2456.4,455.44
2026-08-23 14:30:00+00:00,2456.4,2457.75,2454.88,2455.13,701.94
2026-08-23 14:31:00+00:00,2455.13,2456.15,2455.06,2455.45,193.97
2026-08-23 14:32:00+00:00,2455.45,2455.45,2452.56,2453.6,1116.39
2026-08-23 14:33:00+00:00,2453.6,2454.9,2453.06,2454.72,392.42
2026-08-23 14:34:00+00:00,2454.72,2455.4,2453.29,2453.3,516.36
2026-08-23 14:35:00+00:00,2453.3,2454.69,2453.29,2454.3,270.4
2026-08-23 14:36:00+00:00,2454.3,2454.52,2452.53,2452.54,344.89
2026-08-23 14:37:00+00:00,2452.54,2454.38,2452.0,2454.38,399.89
2026-08-23 14:38:00+00:00,2454.38,2455.43,2453.38,2454.76,378.68
2026-08-23 14:39:00+00:00,2454.76,2455.32,2452.65,2453.07,724.31
2026-08-23 14:40:00+00:00,2453.07,2454.23,2452.89,2454.05,325.08
2026-08-23 14:41:00+00:00,2454.05,2454.29,2451.46,2452.0,754.16
2026-08-23 14:42:00+00:00,2452.0,2452.4,2385.09,2400.3,68946.25
2026-08-23 14:43:00+00:00,2400.3,2420.16,2395.57,2419.79,14918.19
2026-08-23 14:44:00+00:00,2419.79,2422.0,2414.45,2419.43,9107.45
2026-08-23 14:45:00+00:00,2419.43,2432.43,2419.21,2423.87,14497.88
2026-08-23 14:46:00+00:00,2423.87,2429.55,2423.69,2426.44,4200.62
2026-08-23 14:47:00+00:00,2426.44,2431.12,2426.27,2430.0,2743.36
2026-08-23 14:48:00+00:00,2430.0,2432.0,2428.57,2430.35,1184.61
2026-08-23 14:49:00+00:00,2430.35,2435.52,2430.35,2432.78,3598.87
2026-08-23 14:50:00+00:00,2432.78,2437.72,2432.41,2437.56,2789.84
2026-08-23 14:51:00+00:00,2437.56,2438.25,2430.94,2433.31,1700.43
2026-08-23 14:52:00+00:00,2433.31,2437.33,2432.97,2434.31,1846.3
2026-08-23 14:53:00+00:00,2434.31,2437.34,2433.15,2435.68,1227.21
2026-08-23 14:54:00+00:00,2435.68,2448.13,2434.83,2444.77,4720.07
2026-08-23 14:55:00+00:00,2444.77,2444.77,2434.79,2438.64,1807.73
2026-08-23 14:56:00+00:00,2438.64,2439.66,2436.71,2436.88,563.39
2026-08-23 14:57:00+00:00,2436.88,2441.69,2434.69,2440.7,1144.54
2026-08-23 14:58:00+00:00,2440.7,2440.7,2437.44,2438.51,1564.65
2026-08-23 14:59:00+00:00,2438.51,2439.5,2437.62,2438.5,2002.08
2026-08-23 15:00:00+00:00,2438.5,2439.46,2425.14,2429.16,15246.75
2026-08-23 15:01:00+00:00,2429.16,2438.67,2427.68,2437.44,2776.59
2026-08-23 15:02:00+00:00,2437.44,2438.44,2431.59,2433.77,2076.72
2026-08-23 15:03:00+00:00,2433.77,2436.39,2432.16,2434.35,878.16
2026-08-23 15:04:00+00:00,2434.35,2436.84,2433.48,2436.26,601.43
2026-08-23 15:05:00+00:00,2436.26,2440.5,2435.73,2440.02,1456.99
2026-08-23 15:06:00+00:00,2440.02,2440.54,2437.64,2438.35,1075.88
2026-08-23 15:07:00+00:00,2438.35,2440.92,2437.76,2439.9,540.91
2026-08-23 15:08:00+00:00,2439.9,2440.09,2437.31,2437.45,1021.18
2026-08-23 15:09:00+00:00,2437.45,2438.8,2436.32,2438.8,723.93
2026-08-23 15:10:00+00:00,2438.8,2438.8,2437.26,2437.27,161.64
2026-08-23 15:11:00+00:00,2437.27,2437.58,2434.04,2434.04,431.58
2026-08-23 15:12:00+00:00,2434.04,2435.85,2434.03,2434.71,558.9
2026-08-23 15:13:00+00:00,2434.71,2434.72,2432.74,2434.49,441.72
2026-08-23 15:14:00+00:00,2434.49,2436.0,2432.23,2432.8,1371.88
2026-08-23 15:15:00+00:00,2432.8,2433.89,2430.14,2432.91,882.08
2026-08-23 15:16:00+00:00,2432.91,2433.0,2428.6,2431.9,1310.77
2026-08-23 15:17:00+00:00,2431.9,2433.4,2430.65,2431.24,232.58
2026-08-23 15:18:00+00:00,2431.24,2431.59,2428.81,2429.23,502.51
2026-08-23 15:19:00+00:00,2429.23,2429.43,2420.82,2426.91,4060.25
2026-08-23 15:20:00+00:00,2426.91,2429.28,2423.4,2428.21,1226.64
2026-08-23 15:21:00+00:00,2428.21,2432.0,2427.85,2430.54,2272.06
2026-08-23 15:22:00+00:00,2430.54,2435.86,2429.01,2434.04,5088.75
2026-08-23 15:23:00+00:00,2434.04,2436.42,2432.09,2432.78,837.43
2026-08-23 15:24:00+00:00,2432.78,2435.12,2432.59,2434.83,239.08
2026-08-23 15:25:00+00:00,2434.83,2437.09,2434.61,2436.72,637.39
2026-08-23 15:26:00+00:00,2436.72,2438.93,2435.28,2438.17,706.27
2026-08-23 15:27:00+00:00,2438.17,2438.17,2436.81,2437.4,285.63
2026-08-23 15:28:00+00:00,2437.4,2437.78,2435.56,2435.59,522.52
2026-08-23 15:29:00+00:00,2435.59,2437.11,2435.44,2436.65,404.77
2026-08-23 15:30:00+00:00,2436.65,2438.87,2436.65,2438.61,542.71
2026-08-23 15:31:00+00:00,2438.51,2439.0,2438.5,2439.0,54.24
2026-08-23 15:32:00+00:00,2440.55,2441.18,2436.42,2437.23,409.83
2026-08-23 15:33:00+00:00,2437.23,2437.39,2434.34,2434.86,378.63
2026-08-23 15:34:00+00:00,2434.86,2437.1,2434.57,2436.32,303.68
2026-08-23 15:35:00+00:00,2436.32,2439.28,2436.31,2438.58,363.74
2026-08-23 15:36:00+00:00,2438.27,2439.46,2438.27,2439.15,71.58
2026-08-23 15:37:00+00:00,2438.47,2439.37,2437.83,2439.37,130.7
2026-08-23 15:38:00+00:00,2439.37,2441.41,2438.93,2441.3,427.22
2026-08-23 15:39:00+00:00,2441.3,2443.7,2440.26,2443.48,231.4
2026-08-23 15:40:00+00:00,2443.48,2449.11,2442.45,2445.36,1588.56
2026-08-23 15:41:00+00:00,2445.36,2446.44,2443.87,2444.73,909.06
2026-08-23 15:42:00+00:00,2444.73,2444.92,2443.21,2443.22,241.95
2026-08-23 15:43:00+00:00,2443.22,2448.46,2443.22,2448.25,1094.02
2026-08-23 15:44:00+00:00,2448.25,2452.92,2445.21,2445.9,3511.73
2026-08-23 15:45:00+00:00,2445.9,2445.9,2443.4,2444.32,649.06
2026-08-23 15:46:00+00:00,2444.32,2447.9,2444.11,2445.38,417.08
2026-08-23 15:47:00+00:00,2445.38,2448.22,2445.34,2445.94,582.18
2026-08-23 15:48:00+00:00,2445.94,2447.84,2445.23,2447.37,305.07
2026-08-23 15:49:00+00:00,2447.37,2447.43,2444.32,2444.62,639.05
2026-08-23 15:50:00+00:00,2444.62,2444.62,2442.95,2443.31,1130.21
2026-08-23 15:51:00+00:00,2443.31,2444.98,2443.15,2443.68,433.09
2026-08-23 15:52:00+00:00,2443.68,2444.21,2442.97,2443.43,315.78
2026-08-23 15:53:00+00:00,2443.43,2444.64,2442.06,2442.2,396.38
2026-08-23 15:54:00+00:00,2442.2,2442.2,2440.49,2441.01,369.05
2026-08-23 15:55:00+00:00,2441.01,2442.2,2440.76,2440.88,259.78
2026-08-23 15:56:00+00:00,2440.88,2443.06,2440.54,2442.64,474.59
2026-08-23 15:57:00+00:00,2442.64,2442.68,2437.33,2438.84,2896.09
2026-08-23 15:58:00+00:00,2438.84,2438.85,2434.99,2436.17,4864.44
2026-08-23 15:59:00+00:00,2436.17,2439.12,2436.17,2437.87,880.25
2026-08-23 16:00:00+00:00,2437.87,2441.05,2437.87,2440.09,385.67
2026-08-23 16:01:00+00:00,2440.09,2442.16,2439.94,2441.46,268.84
2026-08-23 16:02:00+00:00,2441.46,2441.63,2440.21,2440.8,205.73
2026-08-23 16:03:00+00:00,2440.8,2444.61,2440.57,2443.03,1017.34
2026-08-23 16:04:00+00:00,2443.03,2444.49,2443.03,2443.48,231.18
2026-08-23 16:05:00+00:00,2443.48,2443.75,2442.0,2443.46,131.68
2026-08-23 16:06:00+00:00,2443.46,2444.19,2442.36,2442.69,185.2
2026-08-23 16:07:00+00:00,2442.69,2442.72,2440.89,2441.35,288.62
2026-08-23 16:08:00+00:00,2441.35,2443.22,2441.35,2442.73,74.35
2026-08-23 16:09:00+00:00,2442.73,2442.73,2440.35,2440.99,262.77
2026-08-23 16:10:00+00:00,2440.99,2443.95,2440.65,2443.95,373.19
2026-08-23 16:11:00+00:00,2443.95,2445.03,2443.57,2444.89,216.32
2026-08-23 16:12:00+00:00,2444.89,2446.2,2441.89,2443.59,1250.52
2026-08-23 16:13:00+00:00,2443.59,2444.73,2441.74,2444.46,416.45
2026-08-23 16:14:00+00:00,2444.46,2444.47,2443.26,2443.45,59.92
2026-08-23 16:15:00+00:00,2443.45,2443.45,2441.22,2441.71,408.11
2026-08-23 16:16:00+00:00,2441.71,2444.56,2441.7,2443.98,73.42
2026-08-23 16:17:00+00:00,2443.98,2445.13,2443.03,2444.38,200.52
2026-08-23 16:18:00+00:00,2444.38,2444.38,2442.5,2442.86,211.01
2026-08-23 16:19:00+00:00,2442.86,2444.44,2441.38,2441.39,451.78
2026-08-23 16:20:00+00:00,2441.39,2443.76,2440.26,2443.72,326.95
2026-08-23 16:21:00+00:00,2443.72,2444.89,2442.85,2444.48,82.11
2026-08-23 16:22:00+00:00,2444.48,2444.72,2443.46,2443.47,93.93
2026-08-23 16:23:00+00:00,2443.47,2444.15,2443.46,2443.81,141.23
2026-08-23 16:24:00+00:00,2443.81,2444.37,2443.04,2443.36,99.15
2026-08-23 16:25:00+00:00,2443.36,2445.66,2442.47,2445.26,217.21
2026-08-23 16:26:00+00:00,2445.26,2445.47,2444.03,2444.15,176.57
2026-08-23 16:27:00+00:00,2444.15,2444.51,2443.31,2444.23,249.5
2026-08-23 16:28:00+00:00,2444.23,2444.58,2443.91,2444.32,44.04
2026-08-23 16:29:00+00:00,2444.32,2445.92,2444.32,2445.92,141.3
2026-08-23 16:30:00+00:00,2445.92,2445.99,2444.45,2444.45,220.97
2026-08-23 16:31:00+00:00,2444.45,2446.18,2444.0,2446.16,241.58
2026-08-23 16:32:00+00:00,2446.16,2448.81,2446.0,2448.42,318.63
2026-08-23 16:33:00+00:00,2448.42,2453.89,2447.67,2447.67,3504.56
2026-08-23 16:34:00+00:00,2447.67,2449.69,2447.67,2449.1,198.2
2026-08-23 16:35:00+00:00,2449.1,2450.21,2449.02,2449.62,435.53
2026-08-23 16:36:00+00:00,2449.62,2449.63,2447.4,2447.7,815.71
2026-08-23 16:37:00+00:00,2447.7,2448.15,2445.43,2445.91,425.54
2026-08-23 16:38:00+00:00,2445.91,2446.23,2445.43,2446.21,117.51
2026-08-23 16:39:00+00:00,2446.21,2446.31,2445.04,2446.28,648.49
2026-08-23 16:40:00+00:00,2446.28,2446.5,2445.9,2446.47,264.02
2026-08-23 16:41:00+00:00,2446.47,2446.48,2445.24,2446.23,336.06
2026-08-23 16:42:00+00:00,2446.23,2447.51,2445.94,2447.51,165.79
2026-08-23 16:43:00+00:00,2447.51,2448.32,2447.0,2447.0,317.8
2026-08-23 16:44:00+00:00,2447.0,2447.0,2445.43,2445.43,79.13
2026-08-23 16:45:00+00:00,2445.43,2446.47,2444.52,2446.46,194.79
2026-08-23 16:46:00+00:00,2446.46,2447.63,2445.73,2447.63,105.19
2026-08-23 16:47:00+00:00,2447.63,2448.32,2446.48,2447.86,356.18
2026-08-23 16:48:00+00:00,2447.86,2448.2,2446.7,2447.98,315.91
2026-08-23 16:49:00+00:00,2447.98,2448.89,2447.76,2448.38,98.53
2026-08-23 16:50:00+00:00,2448.38,2449.5,2448.25,2448.61,190.9
2026-08-23 16:51:00+00:00,2448.61,2459.01,2448.6,2455.05,6158.37
2026-08-23 16:52:00+00:00,2455.05,2456.61,2451.94,2451.94,971.09
2026-08-23 16:53:00+00:00,2451.94,2452.93,2451.52,2451.52,337.16
2026-08-23 16:54:00+00:00,2451.52,2452.16,2451.45,2451.61,166.74
2026-08-23 16:55:00+00:00,2451.61,2453.26,2451.23,2451.92,917.96
2026-08-23 16:56:00+00:00,2451.92,2452.61,2451.36,2451.76,263.34
2026-08-23 16:57:00+00:00,2451.76,2452.33,2451.4,2452.28,119.48
2026-08-23 16:58:00+00:00,2452.28,2453.22,2451.45,2451.95,249.76
2026-08-23 16:59:00+00:00,2451.95,2452.48,2449.55,2450.01,383.39
2026-08-23 17:00:00+00:00,2450.01,2452.81,2450.01,2452.32,285.05
2026-08-23 17:01:00+00:00,2452.32,2453.76,2448.3,2448.3,5075.59
2026-08-23 17:02:00+00:00,2448.3,2448.3,2444.03,2444.04,741.67
2026-08-23 17:03:00+00:00,2444.04,2444.82,2431.22,2438.01,12421.13
2026-08-23 17:04:00+00:00,2438.01,2441.07,2436.49,2440.8,701.7
2026-08-23 17:05:00+00:00,2440.8,2447.14,2440.0,2446.4,5054.97
2026-08-23 17:06:00+00:00,2446.4,2448.42,2445.37,2447.53,2110.72
2026-08-23 17:07:00+00:00,2447.53,2448.87,2444.62,2444.65,618.51
2026-08-23 17:08:00+00:00,2444.65,2449.44,2444.48,2448.65,1291.36
2026-08-23 17:09:00+00:00,2448.65,2450.15,2448.37,2450.15,204.85
2026-08-23 17:10:00+00:00,2450.15,2450.36,2447.74,2448.62,796.07
2026-08-23 17:11:00+00:00,2448.62,2448.79,2447.76,2447.88,149.99
2026-08-23 17:12:00+00:00,2447.88,2448.66,2447.31,2447.89,86.3
2026-08-23 17:13:00+00:00,2447.89,2448.59,2447.79,2447.89,353.68
2026-08-23 17:14:00+00:00,2447.89,2447.91,2446.05,2446.74,445.62
2026-08-23 17:15:00+00:00,2446.74,2447.86,2437.73,2439.89,9203.97
2026-08-23 17:16:00+00:00,2439.89,2442.69,2439.77,2442.06,816.34
2026-08-23 17:17:00+00:00,2442.06,2445.5,2441.09,2445.31,1126.44
2026-08-23 17:18:00+00:00,2445.31,2449.23,2442.64,2448.16,6277.63
2026-08-23 17:19:00+00:00,2448.16,2448.58,2447.03,2448.37,1155.44
2026-08-23 17:20:00+00:00,2448.37,2448.47,2447.0,2447.99,7615.83
2026-08-23 17:21:00+00:00,2447.99,2449.21,2447.32,2447.32,2393.78
2026-08-23 17:22:00+00:00,2447.32,2449.43,2447.32,2449.07,237.89
2026-08-23 17:23:00+00:00,2449.07,2449.32,2447.23,2447.23,67.03
2026-08-23 17:24:00+00:00,2447.23,2447.23,2443.51,2443.74,298.79
2026-08-23 17:25:00+00:00,2443.74,2444.49,2442.16,2443.68,471.2
2026-08-23 17:26:00+00:00,2443.68,2443.69,2440.96,2442.0,368.62
2026-08-23 17:27:00+00:00,2442.0,2442.02,2440.24,2440.28,252.7
2026-08-23 17:28:00+00:00,2440.28,2440.66,2438.45,2438.82,1854.02
2026-08-23 17:29:00+00:00,2438.82,2440.57,2438.82,2440.39,199.04
2026-08-23 17:30:00+00:00,2440.39,2440.52,2439.59,2440.14,151.64
2026-08-23 17:31:00+00:00,2440.14,2440.14,2433.34,2435.35,1418.35
2026-08-23 17:32:00+00:00,2435.35,2438.78,2432.65,2438.77,2129.13
2026-08-23 17:33:00+00:00,2438.77,2439.26,2437.56,2437.56,209.4
2026-08-23 17:34:00+00:00,2437.56,2439.84,2437.56,2439.84,208.06
2026-08-23 17:35:00+00:00,2439.84,2440.82,2439.83,2440.82,129.92
2026-08-23 17:36:00+00:00,2440.82,2441.61,2440.81,2441.16,112.19
2026-08-23 17:37:00+00:00,2441.16,2443.49,2440.94,2441.97,258.18
2026-08-23 17:38:00+00:00,2441.97,2442.05,2441.0,2441.09,155.05
2026-08-23 17:39:00+00:00,2441.09,2441.73,2439.26,2439.63,72.25
2026-08-23 17:40:00+00:00,2439.63,2440.01,2437.8,2438.4,166.89
2026-08-23 17:41:00+00:00,2438.4,2438.69,2436.57,2436.83,304.94
2026-08-23 17:42:00+00:00,2436.83,2439.3,2436.36,2439.3,543.12
2026-08-23 17:43:00+00:00,2439.3,2440.5,2439.15,2439.99,101.22
2026-08-23 17:44:00+00:00,2439.99,2440.08,2437.08,2437.57,426.19
2026-08-23 17:45:00+00:00,2437.57,2446.03,2437.56,2444.84,939.53
2026-08-23 17:46:00+00:00,2444.84,2445.55,2443.23,2443.34,182.4
2026-08-23 17:47:00+00:00,2443.34,2443.61,2438.71,2439.14,458.14
2026-08-23 17:48:00+00:00,2439.14,2440.67,2438.8,2439.89,287.13
2026-08-23 17:49:00+00:00,2439.89,2440.6,2439.66,2439.89,115.59
2026-08-23 17:50:00+00:00,2439.89,2440.33,2439.15,2439.48,67.91
2026-08-23 17:51:00+00:00,2439.48,2440.79,2439.48,2440.37,99.44
2026-08-23 17:52:00+00:00,2440.37,2440.87,2439.63,2440.2,58.79
2026-08-23 17:53:00+00:00,2440.2,2441.49,2439.65,2440.78,181.32
2026-08-23 17:54:00+00:00,2440.78,2441.29,2438.53,2438.88,252.93
2026-08-23 17:55:00+00:00,2438.88,2439.64,2438.33,2438.37,82.24
2026-08-23 17:56:00+00:00,2438.37,2439.31,2437.68,2439.11,186.51
2026-08-23 17:57:00+00:00,2439.11,2440.18,2439.0,2439.76,87.93
2026-08-23 17:58:00+00:00,2439.76,2440.76,2439.76,2440.76,32.71
2026-08-23 17:59:00+00:00,2440.76,2440.94,2439.23,2439.34,166.97
2026-08-23 18:00:00+00:00,2439.34,2440.18,2438.89,2440.06,260.15
2026-08-23 18:01:00+00:00,2440.06,2440.07,2438.0,2439.1,150.49
2026-08-23 18:02:00+00:00,2439.1,2439.54,2438.15,2439.15,124.86
2026-08-23 18:03:00+00:00,2439.15,2439.81,2438.51,2438.79,41.08
2026-08-23 18:04:00+00:00,2438.79,2439.35,2438.33,2438.95,69.67
2026-08-23 18:05:00+00:00,2438.95,2439.09,2436.68,2438.27,1660.51
2026-08-23 18:06:00+00:00,2438.27,2439.05,2435.4,2437.22,1746.45
2026-08-23 18:07:00+00:00,2437.22,2437.37,2433.6,2434.29,2850.89
2026-08-23 18:08:00+00:00,2434.29,2435.88,2433.13,2435.48,2613.65
2026-08-23 18:09:00+00:00,2435.48,2439.27,2435.48,2439.27,255.79
2026-08-23 18:10:00+00:00,2439.27,2442.37,2438.86,2442.13,5028.83
2026-08-23 18:11:00+00:00,2442.13,2444.58,2441.9,2443.02,807.18
2026-08-23 18:12:00+00:00,2443.02,2448.33,2443.0,2448.15,1447.02
2026-08-23 18:13:00+00:00,2448.15,2448.72,2445.45,2445.86,335.45
2026-08-23 18:14:00+00:00,2445.86,2447.48,2444.27,2444.27,266.41
2026-08-23 18:15:00+00:00,2444.27,2447.16,2443.81,2446.75,558.85
2026-08-23 18:16:00+00:00,2446.75,2447.49,2445.34,2446.5,414.75
2026-08-23 18:17:00+00:00,2446.5,2447.93,2446.3,2446.51,403.29
2026-08-23 18:18:00+00:00,2446.51,2447.05,2444.65,2445.88,2320.12
2026-08-23 18:19:00+00:00,2445.88,2446.05,2443.32,2443.96,499.42
2026-08-23 18:20:00+00:00,2443.96,2445.99,2443.39,2445.57,142.09
2026-08-23 18:21:00+00:00,2445.57,2446.89,2444.83,2446.37,59.87
2026-08-23 18:22:00+00:00,2446.37,2446.37,2444.38,2444.45,82.59
2026-08-23 18:23:00+00:00,2444.45,2446.16,2443.27,2445.38,341.19
2026-08-23 18:24:00+00:00,2445.38,2446.0,2445.16,2445.18,27.9
2026-08-23 18:25:00+00:00,2445.18,2446.25,2444.69,2446.21,227.08
2026-08-23 18:26:00+00:00,2446.21,2446.89,2446.2,2446.27,182.23
2026-08-23 18:27:00+00:00,2446.27,2447.0,2445.96,2446.33,424.14
2026-08-23 18:28:00+00:00,2446.33,2447.97,2446.28,2446.78,275.04
2026-08-23 18:29:00+00:00,2446.78,2447.42,2445.74,2445.86,54.37
2026-08-23 18:30:00+00:00,2445.86,2446.62,2445.7,2445.98,75.15
2026-08-23 18:31:00+00:00,2445.98,2445.99,2444.29,2445.44,84.84
2026-08-23 18:32:00+00:00,2445.44,2445.75,2444.05,2444.76,108.68
2026-08-23 18:33:00+00:00,2444.76,2444.86,2443.72,2444.22,189.3
2026-08-23 18:34:00+00:00,2444.22,2444.99,2442.96,2443.3,246.13
2026-08-23 18:35:00+00:00,2443.3,2446.63,2443.3,2446.54,303.37
2026-08-23 18:36:00+00:00,2446.54,2446.69,2445.27,2446.37,254.65
2026-08-23 18:37:00+00:00,2446.37,2447.34,2446.37,2447.34,155.97
2026-08-23 18:38:00+00:00,2447.34,2447.73,2446.63,2446.63,64.25
2026-08-23 18:39:00+00:00,2446.63,2446.63,2444.83,2444.9,94.31
2026-08-23 18:40:00+00:00,2444.9,2447.37,2444.83,2447.37,86.57
2026-08-23 18:41:00+00:00,2447.37,2447.92,2446.92,2447.1,232.59
2026-08-23 18:42:00+00:00,2447.1,2447.1,2446.0,2446.39,349.13
2026-08-23 18:43:00+00:00,2446.39,2447.25,2446.38,2446.71,78.57
2026-08-23 18:44:00+00:00,2446.71,2446.96,2446.44,2446.85,69.3
2026-08-23 18:45:00+00:00,2446.85,2446.98,2444.82,2445.74,898.1
2026-08-23 18:46:00+00:00,2445.74,2445.8,2444.5,2445.18,73.16
2026-08-23 18:47:00+00:00,2445.18,2445.61,2443.98,2444.04,355.45
2026-08-23 18:48:00+00:00,2444.04,2445.17,2443.99,2445.04,108.5
2026-08-23 18:49:00+00:00,2445.04,2445.48,2444.58,2445.36,106.68
2026-08-23 18:50:00+00:00,2445.36,2446.18,2444.4,2444.4,119.8
2026-08-23 18:51:00+00:00,2444.4,2445.22,2444.15,2445.18,108.14
2026-08-23 18:52:00+00:00,2445.18,2446.31,2444.78,2446.11,524.5
2026-08-23 18:53:00+00:00,2446.11,2446.27,2445.17,2445.65,61.09
2026-08-23 18:54:00+00:00,2445.65,2446.2,2445.65,2446.2,41.35
2026-08-23 18:55:00+00:00,2446.2,2448.05,2446.11,2447.97,302.82
2026-08-23 18:56:00+00:00,2447.97,2447.97,2445.93,2446.23,60.49
2026-08-23 18:57:00+00:00,2446.23,2446.83,2446.05,2446.5,138.06
2026-08-23 18:58:00+00:00,2446.5,2447.94,2446.5,2447.94,37.52
2026-08-23 18:59:00+00:00,2447.94,2448.77,2447.6,2447.71,151.56
2026-08-23 19:00:00+00:00,2447.71,2448.65,2447.15,2448.6,133.81
2026-08-23 19:01:00+00:00,2448.6,2449.5,2446.35,2447.6,578.37
2026-08-23 19:02:00+00:00,2447.6,2448.88,2446.36,2446.74,155.04
2026-08-23 19:03:00+00:00,2446.74,2447.57,2446.44,2446.54,116.5
2026-08-23 19:04:00+00:00,2446.54,2448.59,2446.4,2446.7,387.5
2026-08-23 19:05:00+00:00,2446.7,2447.18,2446.06,2446.58,54.74
2026-08-23 19:06:00+00:00,2446.58,2446.99,2446.26,2446.59,43.39
2026-08-23 19:07:00+00:00,2446.59,2446.6,2445.8,2445.8,53.45
2026-08-23 19:08:00+00:00,2445.8,2446.07,2445.47,2445.6,90.06
2026-08-23 19:09:00+00:00,2445.6,2445.6,2444.45,2444.45,39.64
2026-08-23 19:10:00+00:00,2444.45,2444.93,2444.11,2444.17,130.93
2026-08-23 19:11:00+00:00,2444.17,2444.17,2440.63,2440.98,459.75
2026-08-23 19:12:00+00:00,2440.98,2441.39,2440.53,2441.11,61.3
2026-08-23 19:13:00+00:00,2441.11,2442.37,2439.84,2442.32,444.24
2026-08-23 19:14:00+00:00,2442.32,2442.6,2442.01,2442.59,63.69
2026-08-23 19:15:00+00:00,2442.59,2442.72,2439.97,2442.64,524.72
2026-08-23 19:16:00+00:00,2442.64,2443.06,2442.09,2442.82,49.65
2026-08-23 19:17:00+00:00,2442.82,2442.82,2442.62,2442.62,21.95
2026-08-23 19:18:00+00:00,2443.35,2443.91,2442.98,2443.84,67.88
2026-08-23 19:19:00+00:00,2443.84,2443.87,2443.45,2443.45,59.08
2026-08-23 19:20:00+00:00,2443.45,2444.12,2443.41,2444.03,33.85
2026-08-23 19:21:00+00:00,2444.03,2444.45,2443.77,2444.2,114.29
2026-08-23 19:22:00+00:00,2444.2,2444.2,2442.64,2442.89,48.24
2026-08-23 19:23:00+00:00,2442.89,2443.97,2442.81,2443.97,31.24
2026-08-23 19:24:00+00:00,2443.97,2443.98,2442.74,2442.74,80.52
2026-08-23 19:25:00+00:00,2442.74,2443.11,2442.09,2442.24,58.24
2026-08-23 19:26:00+00:00,2442.24,2442.76,2442.24,2442.53,8.16
2026-08-23 19:27:00+00:00,2442.53,2442.64,2440.32,2441.53,154.52
2026-08-23 19:28:00+00:00,2441.53,2441.53,2440.94,2441.28,29.56
2026-08-23 19:29:00+00:00,2441.28,2442.31,2441.28,2441.89,61.0
2026-08-23 19:30:00+00:00,2441.89,2441.9,2441.01,2441.06,56.67
2026-08-23 19:31:00+00:00,2441.06,2441.07,2439.01,2440.07,509.22
2026-08-23 19:32:00+00:00,2440.07,2440.34,2439.23,2439.23,214.97
2026-08-23 19:33:00+00:00,2439.23,2441.07,2436.4,2439.91,1353.61
2026-08-23 19:34:00+00:00,2439.91,2442.2,2439.7,2441.82,103.42
2026-08-23 19:35:00+00:00,2441.82,2441.82,2440.72,2441.7,356.17
2026-08-23 19:36:00+00:00,2441.7,2442.97,2441.23,2442.89,39.22
2026-08-23 19:37:00+00:00,2442.89,2443.5,2442.55,2442.78,164.01
2026-08-23 19:38:00+00:00,2442.78,2442.78,2442.27,2442.39,12.94
